"","tract_name","freq","city"
"1","Census Tract 1",4,"Bronx"
"2","Census Tract 110",26,"Bronx"
"3","Census Tract 115.02",195,"Bronx"
"4","Census Tract 117",99,"Bronx"
"5","Census Tract 118",31,"Bronx"
"6","Census Tract 119",206,"Bronx"
"7","Census Tract 121.01",82,"Bronx"
"8","Census Tract 121.02",51,"Bronx"
"9","Census Tract 123",92,"Bronx"
"10","Census Tract 125",106,"Bronx"
"11","Census Tract 127.01",177,"Bronx"
"12","Census Tract 129.01",170,"Bronx"
"13","Census Tract 130",22,"Bronx"
"14","Census Tract 131",146,"Bronx"
"15","Census Tract 132",64,"Bronx"
"16","Census Tract 133",171,"Bronx"
"17","Census Tract 135",127,"Bronx"
"18","Census Tract 138",24,"Bronx"
"19","Census Tract 141",98,"Bronx"
"20","Census Tract 143",28,"Bronx"
"21","Census Tract 144",148,"Bronx"
"22","Census Tract 145",139,"Bronx"
"23","Census Tract 147.01",160,"Bronx"
"24","Census Tract 147.02",124,"Bronx"
"25","Census Tract 149",87,"Bronx"
"26","Census Tract 151",143,"Bronx"
"27","Census Tract 152",33,"Bronx"
"28","Census Tract 153",127,"Bronx"
"29","Census Tract 155",138,"Bronx"
"30","Census Tract 157",102,"Bronx"
"31","Census Tract 158",34,"Bronx"
"32","Census Tract 159",136,"Bronx"
"33","Census Tract 16",135,"Bronx"
"34","Census Tract 160",35,"Bronx"
"35","Census Tract 161",133,"Bronx"
"36","Census Tract 162",35,"Bronx"
"37","Census Tract 163",76,"Bronx"
"38","Census Tract 164",27,"Bronx"
"39","Census Tract 165",91,"Bronx"
"40","Census Tract 166",31,"Bronx"
"41","Census Tract 167",132,"Bronx"
"42","Census Tract 169",29,"Bronx"
"43","Census Tract 171",34,"Bronx"
"44","Census Tract 173",163,"Bronx"
"45","Census Tract 175",202,"Bronx"
"46","Census Tract 177.01",161,"Bronx"
"47","Census Tract 177.02",255,"Bronx"
"48","Census Tract 179.01",141,"Bronx"
"49","Census Tract 179.02",75,"Bronx"
"50","Census Tract 181.01",67,"Bronx"
"51","Census Tract 181.02",131,"Bronx"
"52","Census Tract 183.01",54,"Bronx"
"53","Census Tract 183.02",157,"Bronx"
"54","Census Tract 184",79,"Bronx"
"55","Census Tract 185",282,"Bronx"
"56","Census Tract 189",151,"Bronx"
"57","Census Tract 19",117,"Bronx"
"58","Census Tract 193",161,"Bronx"
"59","Census Tract 194",45,"Bronx"
"60","Census Tract 195",264,"Bronx"
"61","Census Tract 197",244,"Bronx"
"62","Census Tract 199",149,"Bronx"
"63","Census Tract 2",61,"Bronx"
"64","Census Tract 20",200,"Bronx"
"65","Census Tract 200",151,"Bronx"
"66","Census Tract 201",152,"Bronx"
"67","Census Tract 202",63,"Bronx"
"68","Census Tract 204",58,"Bronx"
"69","Census Tract 205.01",121,"Bronx"
"70","Census Tract 205.02",55,"Bronx"
"71","Census Tract 206.01",72,"Bronx"
"72","Census Tract 209",113,"Bronx"
"73","Census Tract 210.01",125,"Bronx"
"74","Census Tract 210.02",87,"Bronx"
"75","Census Tract 211",100,"Bronx"
"76","Census Tract 212",35,"Bronx"
"77","Census Tract 213.01",18,"Bronx"
"78","Census Tract 213.02",103,"Bronx"
"79","Census Tract 215.01",84,"Bronx"
"80","Census Tract 215.02",148,"Bronx"
"81","Census Tract 216.01",117,"Bronx"
"82","Census Tract 216.02",116,"Bronx"
"83","Census Tract 217",133,"Bronx"
"84","Census Tract 218",131,"Bronx"
"85","Census Tract 219",164,"Bronx"
"86","Census Tract 220",134,"Bronx"
"87","Census Tract 221.01",107,"Bronx"
"88","Census Tract 221.02",176,"Bronx"
"89","Census Tract 222",154,"Bronx"
"90","Census Tract 223",206,"Bronx"
"91","Census Tract 224.01",72,"Bronx"
"92","Census Tract 224.03",112,"Bronx"
"93","Census Tract 224.04",91,"Bronx"
"94","Census Tract 225",241,"Bronx"
"95","Census Tract 227.01",55,"Bronx"
"96","Census Tract 227.02",61,"Bronx"
"97","Census Tract 227.03",56,"Bronx"
"98","Census Tract 228",57,"Bronx"
"99","Census Tract 229.01",113,"Bronx"
"100","Census Tract 229.02",98,"Bronx"
"101","Census Tract 23",125,"Bronx"
"102","Census Tract 230",79,"Bronx"
"103","Census Tract 231",70,"Bronx"
"104","Census Tract 232",47,"Bronx"
"105","Census Tract 233.01",162,"Bronx"
"106","Census Tract 233.02",111,"Bronx"
"107","Census Tract 235.01",76,"Bronx"
"108","Census Tract 235.02",109,"Bronx"
"109","Census Tract 236",39,"Bronx"
"110","Census Tract 237.02",77,"Bronx"
"111","Census Tract 237.03",255,"Bronx"
"112","Census Tract 237.04",139,"Bronx"
"113","Census Tract 238",72,"Bronx"
"114","Census Tract 239",343,"Bronx"
"115","Census Tract 24",8,"Bronx"
"116","Census Tract 240",99,"Bronx"
"117","Census Tract 241",192,"Bronx"
"118","Census Tract 243",159,"Bronx"
"119","Census Tract 244",38,"Bronx"
"120","Census Tract 245.01",78,"Bronx"
"121","Census Tract 245.02",100,"Bronx"
"122","Census Tract 246",20,"Bronx"
"123","Census Tract 247",25,"Bronx"
"124","Census Tract 248",60,"Bronx"
"125","Census Tract 249",25,"Bronx"
"126","Census Tract 25",129,"Bronx"
"127","Census Tract 250",32,"Bronx"
"128","Census Tract 251",247,"Bronx"
"129","Census Tract 252",46,"Bronx"
"130","Census Tract 253",192,"Bronx"
"131","Census Tract 254",19,"Bronx"
"132","Census Tract 255",148,"Bronx"
"133","Census Tract 256",56,"Bronx"
"134","Census Tract 257",28,"Bronx"
"135","Census Tract 261",23,"Bronx"
"136","Census Tract 263",188,"Bronx"
"137","Census Tract 264",76,"Bronx"
"138","Census Tract 265",206,"Bronx"
"139","Census Tract 266.01",35,"Bronx"
"140","Census Tract 266.02",100,"Bronx"
"141","Census Tract 267.01",109,"Bronx"
"142","Census Tract 267.02",141,"Bronx"
"143","Census Tract 269",118,"Bronx"
"144","Census Tract 27.01",84,"Bronx"
"145","Census Tract 27.02",91,"Bronx"
"146","Census Tract 273",143,"Bronx"
"147","Census Tract 274.01",36,"Bronx"
"148","Census Tract 274.02",23,"Bronx"
"149","Census Tract 276",23,"Bronx"
"150","Census Tract 277",111,"Bronx"
"151","Census Tract 279",90,"Bronx"
"152","Census Tract 28",144,"Bronx"
"153","Census Tract 281",36,"Bronx"
"154","Census Tract 283",63,"Bronx"
"155","Census Tract 284",106,"Bronx"
"156","Census Tract 285",93,"Bronx"
"157","Census Tract 286",30,"Bronx"
"158","Census Tract 287",48,"Bronx"
"159","Census Tract 288",67,"Bronx"
"160","Census Tract 289",140,"Bronx"
"161","Census Tract 293.01",12,"Bronx"
"162","Census Tract 293.02",34,"Bronx"
"163","Census Tract 295",33,"Bronx"
"164","Census Tract 296",62,"Bronx"
"165","Census Tract 297",43,"Bronx"
"166","Census Tract 300",79,"Bronx"
"167","Census Tract 301",4,"Bronx"
"168","Census Tract 302",90,"Bronx"
"169","Census Tract 307.01",19,"Bronx"
"170","Census Tract 309",28,"Bronx"
"171","Census Tract 31",16,"Bronx"
"172","Census Tract 310",52,"Bronx"
"173","Census Tract 312",19,"Bronx"
"174","Census Tract 314",15,"Bronx"
"175","Census Tract 316",18,"Bronx"
"176","Census Tract 318",16,"Bronx"
"177","Census Tract 319",9,"Bronx"
"178","Census Tract 323",37,"Bronx"
"179","Census Tract 324",74,"Bronx"
"180","Census Tract 326",42,"Bronx"
"181","Census Tract 328",74,"Bronx"
"182","Census Tract 33",107,"Bronx"
"183","Census Tract 330",133,"Bronx"
"184","Census Tract 332.01",44,"Bronx"
"185","Census Tract 332.02",78,"Bronx"
"186","Census Tract 334",182,"Bronx"
"187","Census Tract 335",27,"Bronx"
"188","Census Tract 336",162,"Bronx"
"189","Census Tract 337",20,"Bronx"
"190","Census Tract 338",91,"Bronx"
"191","Census Tract 340",67,"Bronx"
"192","Census Tract 342",46,"Bronx"
"193","Census Tract 343",26,"Bronx"
"194","Census Tract 344",30,"Bronx"
"195","Census Tract 345",27,"Bronx"
"196","Census Tract 348",115,"Bronx"
"197","Census Tract 35",78,"Bronx"
"198","Census Tract 350",42,"Bronx"
"199","Census Tract 351",27,"Bronx"
"200","Census Tract 356",72,"Bronx"
"201","Census Tract 358",118,"Bronx"
"202","Census Tract 359",68,"Bronx"
"203","Census Tract 360",40,"Bronx"
"204","Census Tract 361",178,"Bronx"
"205","Census Tract 363",215,"Bronx"
"206","Census Tract 364",87,"Bronx"
"207","Census Tract 365.01",139,"Bronx"
"208","Census Tract 365.02",69,"Bronx"
"209","Census Tract 367",71,"Bronx"
"210","Census Tract 368",65,"Bronx"
"211","Census Tract 369.01",79,"Bronx"
"212","Census Tract 369.02",58,"Bronx"
"213","Census Tract 37",48,"Bronx"
"214","Census Tract 370",44,"Bronx"
"215","Census Tract 371",160,"Bronx"
"216","Census Tract 372",55,"Bronx"
"217","Census Tract 373",194,"Bronx"
"218","Census Tract 374",82,"Bronx"
"219","Census Tract 375.04",163,"Bronx"
"220","Census Tract 376",27,"Bronx"
"221","Census Tract 378",72,"Bronx"
"222","Census Tract 379",156,"Bronx"
"223","Census Tract 38",21,"Bronx"
"224","Census Tract 380",172,"Bronx"
"225","Census Tract 381",143,"Bronx"
"226","Census Tract 382",34,"Bronx"
"227","Census Tract 383.01",95,"Bronx"
"228","Census Tract 383.02",162,"Bronx"
"229","Census Tract 385",230,"Bronx"
"230","Census Tract 386",130,"Bronx"
"231","Census Tract 387",147,"Bronx"
"232","Census Tract 388",24,"Bronx"
"233","Census Tract 389",226,"Bronx"
"234","Census Tract 39",271,"Bronx"
"235","Census Tract 390",111,"Bronx"
"236","Census Tract 391",196,"Bronx"
"237","Census Tract 392",63,"Bronx"
"238","Census Tract 393",146,"Bronx"
"239","Census Tract 394",122,"Bronx"
"240","Census Tract 395",198,"Bronx"
"241","Census Tract 396",103,"Bronx"
"242","Census Tract 397",168,"Bronx"
"243","Census Tract 398",30,"Bronx"
"244","Census Tract 399.01",278,"Bronx"
"245","Census Tract 399.02",184,"Bronx"
"246","Census Tract 4",90,"Bronx"
"247","Census Tract 40.01",60,"Bronx"
"248","Census Tract 401",244,"Bronx"
"249","Census Tract 403.02",50,"Bronx"
"250","Census Tract 403.03",94,"Bronx"
"251","Census Tract 403.04",129,"Bronx"
"252","Census Tract 404",81,"Bronx"
"253","Census Tract 405.01",101,"Bronx"
"254","Census Tract 405.02",147,"Bronx"
"255","Census Tract 406",102,"Bronx"
"256","Census Tract 407.01",54,"Bronx"
"257","Census Tract 407.02",142,"Bronx"
"258","Census Tract 408",145,"Bronx"
"259","Census Tract 409",139,"Bronx"
"260","Census Tract 41",261,"Bronx"
"261","Census Tract 411",79,"Bronx"
"262","Census Tract 413",128,"Bronx"
"263","Census Tract 414",183,"Bronx"
"264","Census Tract 415",63,"Bronx"
"265","Census Tract 418",116,"Bronx"
"266","Census Tract 419",167,"Bronx"
"267","Census Tract 42",302,"Bronx"
"268","Census Tract 420",104,"Bronx"
"269","Census Tract 421",186,"Bronx"
"270","Census Tract 422",57,"Bronx"
"271","Census Tract 423",98,"Bronx"
"272","Census Tract 424",40,"Bronx"
"273","Census Tract 425",151,"Bronx"
"274","Census Tract 426",110,"Bronx"
"275","Census Tract 428",27,"Bronx"
"276","Census Tract 429.01",49,"Bronx"
"277","Census Tract 429.02",75,"Bronx"
"278","Census Tract 43",198,"Bronx"
"279","Census Tract 430",50,"Bronx"
"280","Census Tract 431",222,"Bronx"
"281","Census Tract 434",73,"Bronx"
"282","Census Tract 435",143,"Bronx"
"283","Census Tract 436",33,"Bronx"
"284","Census Tract 44",112,"Bronx"
"285","Census Tract 442",76,"Bronx"
"286","Census Tract 444",63,"Bronx"
"287","Census Tract 448",42,"Bronx"
"288","Census Tract 449.01",17,"Bronx"
"289","Census Tract 449.02",33,"Bronx"
"290","Census Tract 451.01",34,"Bronx"
"291","Census Tract 451.02",23,"Bronx"
"292","Census Tract 456",51,"Bronx"
"293","Census Tract 458",114,"Bronx"
"294","Census Tract 46",123,"Bronx"
"295","Census Tract 460",60,"Bronx"
"296","Census Tract 462.01",378,"Bronx"
"297","Census Tract 462.02",202,"Bronx"
"298","Census Tract 48",128,"Bronx"
"299","Census Tract 484",169,"Bronx"
"300","Census Tract 50.01",144,"Bronx"
"301","Census Tract 50.02",145,"Bronx"
"302","Census Tract 504",18,"Bronx"
"303","Census Tract 51",275,"Bronx"
"304","Census Tract 516",48,"Bronx"
"305","Census Tract 52",85,"Bronx"
"306","Census Tract 53",125,"Bronx"
"307","Census Tract 54",240,"Bronx"
"308","Census Tract 56",105,"Bronx"
"309","Census Tract 59.02",22,"Bronx"
"310","Census Tract 60",81,"Bronx"
"311","Census Tract 61",69,"Bronx"
"312","Census Tract 62",181,"Bronx"
"313","Census Tract 63",426,"Bronx"
"314","Census Tract 64",89,"Bronx"
"315","Census Tract 65",346,"Bronx"
"316","Census Tract 67",286,"Bronx"
"317","Census Tract 68",102,"Bronx"
"318","Census Tract 69",187,"Bronx"
"319","Census Tract 70",132,"Bronx"
"320","Census Tract 71",113,"Bronx"
"321","Census Tract 72",112,"Bronx"
"322","Census Tract 73",161,"Bronx"
"323","Census Tract 74",83,"Bronx"
"324","Census Tract 75",140,"Bronx"
"325","Census Tract 76",191,"Bronx"
"326","Census Tract 77",85,"Bronx"
"327","Census Tract 78",148,"Bronx"
"328","Census Tract 79",207,"Bronx"
"329","Census Tract 83",136,"Bronx"
"330","Census Tract 84",34,"Bronx"
"331","Census Tract 85",158,"Bronx"
"332","Census Tract 86",134,"Bronx"
"333","Census Tract 87",197,"Bronx"
"334","Census Tract 89",100,"Bronx"
"335","Census Tract 90",149,"Bronx"
"336","Census Tract 92",117,"Bronx"
"337","Census Tract 93",392,"Bronx"
"338","Census Tract 96",70,"Bronx"
"339","Census Tract 98",101,"Bronx"
"340",NA,229,"Bronx"
"341","Census Tract 1",24,"Brooklyn"
"342","Census Tract 100",84,"Brooklyn"
"343","Census Tract 1004",29,"Brooklyn"
"344","Census Tract 1006",48,"Brooklyn"
"345","Census Tract 1008",33,"Brooklyn"
"346","Census Tract 101",79,"Brooklyn"
"347","Census Tract 1010",35,"Brooklyn"
"348","Census Tract 1012",51,"Brooklyn"
"349","Census Tract 1014",40,"Brooklyn"
"350","Census Tract 1016",18,"Brooklyn"
"351","Census Tract 1018",40,"Brooklyn"
"352","Census Tract 102",57,"Brooklyn"
"353","Census Tract 1020",24,"Brooklyn"
"354","Census Tract 1022",47,"Brooklyn"
"355","Census Tract 1024",25,"Brooklyn"
"356","Census Tract 1026",27,"Brooklyn"
"357","Census Tract 1028",43,"Brooklyn"
"358","Census Tract 1034",120,"Brooklyn"
"359","Census Tract 104",77,"Brooklyn"
"360","Census Tract 1058.01",84,"Brooklyn"
"361","Census Tract 1058.04",99,"Brooklyn"
"362","Census Tract 106",77,"Brooklyn"
"363","Census Tract 1070",114,"Brooklyn"
"364","Census Tract 1078",47,"Brooklyn"
"365","Census Tract 108",85,"Brooklyn"
"366","Census Tract 1098",125,"Brooklyn"
"367","Census Tract 11",229,"Brooklyn"
"368","Census Tract 110",60,"Brooklyn"
"369","Census Tract 1104",298,"Brooklyn"
"370","Census Tract 1106",133,"Brooklyn"
"371","Census Tract 1110",85,"Brooklyn"
"372","Census Tract 1116",116,"Brooklyn"
"373","Census Tract 1118",108,"Brooklyn"
"374","Census Tract 112",69,"Brooklyn"
"375","Census Tract 1120",121,"Brooklyn"
"376","Census Tract 1122",93,"Brooklyn"
"377","Census Tract 1124",156,"Brooklyn"
"378","Census Tract 1126",150,"Brooklyn"
"379","Census Tract 1128",139,"Brooklyn"
"380","Census Tract 1130",111,"Brooklyn"
"381","Census Tract 1132",70,"Brooklyn"
"382","Census Tract 1134",125,"Brooklyn"
"383","Census Tract 114",37,"Brooklyn"
"384","Census Tract 1142.01",55,"Brooklyn"
"385","Census Tract 1142.02",44,"Brooklyn"
"386","Census Tract 1144",200,"Brooklyn"
"387","Census Tract 1146",86,"Brooklyn"
"388","Census Tract 1150",110,"Brooklyn"
"389","Census Tract 1152",128,"Brooklyn"
"390","Census Tract 1156",210,"Brooklyn"
"391","Census Tract 1158",123,"Brooklyn"
"392","Census Tract 116",55,"Brooklyn"
"393","Census Tract 1160",62,"Brooklyn"
"394","Census Tract 1162",60,"Brooklyn"
"395","Census Tract 1164",85,"Brooklyn"
"396","Census Tract 1166",111,"Brooklyn"
"397","Census Tract 1168",96,"Brooklyn"
"398","Census Tract 117",39,"Brooklyn"
"399","Census Tract 1170",93,"Brooklyn"
"400","Census Tract 1172.01",87,"Brooklyn"
"401","Census Tract 1172.02",82,"Brooklyn"
"402","Census Tract 1174",127,"Brooklyn"
"403","Census Tract 1176.01",74,"Brooklyn"
"404","Census Tract 1176.02",68,"Brooklyn"
"405","Census Tract 1178",35,"Brooklyn"
"406","Census Tract 118",53,"Brooklyn"
"407","Census Tract 1180",67,"Brooklyn"
"408","Census Tract 1182.01",74,"Brooklyn"
"409","Census Tract 1182.02",49,"Brooklyn"
"410","Census Tract 1184",159,"Brooklyn"
"411","Census Tract 1186",66,"Brooklyn"
"412","Census Tract 1188",155,"Brooklyn"
"413","Census Tract 119",95,"Brooklyn"
"414","Census Tract 1190",80,"Brooklyn"
"415","Census Tract 1192",129,"Brooklyn"
"416","Census Tract 1194",130,"Brooklyn"
"417","Census Tract 1196",257,"Brooklyn"
"418","Census Tract 1198",142,"Brooklyn"
"419","Census Tract 120",52,"Brooklyn"
"420","Census Tract 1200",74,"Brooklyn"
"421","Census Tract 1202",40,"Brooklyn"
"422","Census Tract 1208",244,"Brooklyn"
"423","Census Tract 121",49,"Brooklyn"
"424","Census Tract 1210",49,"Brooklyn"
"425","Census Tract 1214",97,"Brooklyn"
"426","Census Tract 122",73,"Brooklyn"
"427","Census Tract 1220",122,"Brooklyn"
"428","Census Tract 1237",90,"Brooklyn"
"429","Census Tract 126",32,"Brooklyn"
"430","Census Tract 127",57,"Brooklyn"
"431","Census Tract 128.01",27,"Brooklyn"
"432","Census Tract 129.01",153,"Brooklyn"
"433","Census Tract 129.02",45,"Brooklyn"
"434","Census Tract 13",85,"Brooklyn"
"435","Census Tract 130",65,"Brooklyn"
"436","Census Tract 131",57,"Brooklyn"
"437","Census Tract 132",28,"Brooklyn"
"438","Census Tract 133",48,"Brooklyn"
"439","Census Tract 134",65,"Brooklyn"
"440","Census Tract 135",65,"Brooklyn"
"441","Census Tract 136",31,"Brooklyn"
"442","Census Tract 137",70,"Brooklyn"
"443","Census Tract 138",63,"Brooklyn"
"444","Census Tract 139",38,"Brooklyn"
"445","Census Tract 140",17,"Brooklyn"
"446","Census Tract 141",58,"Brooklyn"
"447","Census Tract 142",45,"Brooklyn"
"448","Census Tract 143",54,"Brooklyn"
"449","Census Tract 145",75,"Brooklyn"
"450","Census Tract 147",16,"Brooklyn"
"451","Census Tract 148",13,"Brooklyn"
"452","Census Tract 149",52,"Brooklyn"
"453","Census Tract 15",165,"Brooklyn"
"454","Census Tract 150",24,"Brooklyn"
"455","Census Tract 1502",33,"Brooklyn"
"456","Census Tract 151",29,"Brooklyn"
"457","Census Tract 152",11,"Brooklyn"
"458","Census Tract 1522",92,"Brooklyn"
"459","Census Tract 153",44,"Brooklyn"
"460","Census Tract 154",3,"Brooklyn"
"461","Census Tract 155",44,"Brooklyn"
"462","Census Tract 157",38,"Brooklyn"
"463","Census Tract 159",77,"Brooklyn"
"464","Census Tract 160",54,"Brooklyn"
"465","Census Tract 161",56,"Brooklyn"
"466","Census Tract 162",14,"Brooklyn"
"467","Census Tract 163",55,"Brooklyn"
"468","Census Tract 164",1,"Brooklyn"
"469","Census Tract 165",35,"Brooklyn"
"470","Census Tract 166",26,"Brooklyn"
"471","Census Tract 167",38,"Brooklyn"
"472","Census Tract 168",7,"Brooklyn"
"473","Census Tract 169",42,"Brooklyn"
"474","Census Tract 170",21,"Brooklyn"
"475","Census Tract 171",21,"Brooklyn"
"476","Census Tract 172",21,"Brooklyn"
"477","Census Tract 174",12,"Brooklyn"
"478","Census Tract 175",7,"Brooklyn"
"479","Census Tract 176",19,"Brooklyn"
"480","Census Tract 177",214,"Brooklyn"
"481","Census Tract 178",47,"Brooklyn"
"482","Census Tract 179",64,"Brooklyn"
"483","Census Tract 18",81,"Brooklyn"
"484","Census Tract 180",32,"Brooklyn"
"485","Census Tract 181",109,"Brooklyn"
"486","Census Tract 182",41,"Brooklyn"
"487","Census Tract 183",54,"Brooklyn"
"488","Census Tract 184",18,"Brooklyn"
"489","Census Tract 185.01",109,"Brooklyn"
"490","Census Tract 186",20,"Brooklyn"
"491","Census Tract 187",51,"Brooklyn"
"492","Census Tract 188",23,"Brooklyn"
"493","Census Tract 190",40,"Brooklyn"
"494","Census Tract 191",75,"Brooklyn"
"495","Census Tract 192",40,"Brooklyn"
"496","Census Tract 193",72,"Brooklyn"
"497","Census Tract 194",38,"Brooklyn"
"498","Census Tract 195",50,"Brooklyn"
"499","Census Tract 196",27,"Brooklyn"
"500","Census Tract 197",90,"Brooklyn"
"501","Census Tract 198",18,"Brooklyn"
"502","Census Tract 199",86,"Brooklyn"
"503","Census Tract 2",71,"Brooklyn"
"504","Census Tract 20",43,"Brooklyn"
"505","Census Tract 200",33,"Brooklyn"
"506","Census Tract 201",60,"Brooklyn"
"507","Census Tract 202",12,"Brooklyn"
"508","Census Tract 203",51,"Brooklyn"
"509","Census Tract 204",9,"Brooklyn"
"510","Census Tract 205",45,"Brooklyn"
"511","Census Tract 206",17,"Brooklyn"
"512","Census Tract 207",49,"Brooklyn"
"513","Census Tract 208",22,"Brooklyn"
"514","Census Tract 21",175,"Brooklyn"
"515","Census Tract 210",20,"Brooklyn"
"516","Census Tract 211",36,"Brooklyn"
"517","Census Tract 212",36,"Brooklyn"
"518","Census Tract 213",128,"Brooklyn"
"519","Census Tract 214",19,"Brooklyn"
"520","Census Tract 215",85,"Brooklyn"
"521","Census Tract 216",15,"Brooklyn"
"522","Census Tract 217",147,"Brooklyn"
"523","Census Tract 218",14,"Brooklyn"
"524","Census Tract 219",88,"Brooklyn"
"525","Census Tract 22",87,"Brooklyn"
"526","Census Tract 220",49,"Brooklyn"
"527","Census Tract 221",60,"Brooklyn"
"528","Census Tract 222",35,"Brooklyn"
"529","Census Tract 224",39,"Brooklyn"
"530","Census Tract 226",42,"Brooklyn"
"531","Census Tract 227",144,"Brooklyn"
"532","Census Tract 228",39,"Brooklyn"
"533","Census Tract 229",84,"Brooklyn"
"534","Census Tract 23",73,"Brooklyn"
"535","Census Tract 230",31,"Brooklyn"
"536","Census Tract 231",60,"Brooklyn"
"537","Census Tract 232",22,"Brooklyn"
"538","Census Tract 233",162,"Brooklyn"
"539","Census Tract 234",14,"Brooklyn"
"540","Census Tract 235",135,"Brooklyn"
"541","Census Tract 236",17,"Brooklyn"
"542","Census Tract 238",15,"Brooklyn"
"543","Census Tract 240",18,"Brooklyn"
"544","Census Tract 241",128,"Brooklyn"
"545","Census Tract 242",19,"Brooklyn"
"546","Census Tract 243",101,"Brooklyn"
"547","Census Tract 244",35,"Brooklyn"
"548","Census Tract 245",104,"Brooklyn"
"549","Census Tract 246",28,"Brooklyn"
"550","Census Tract 247",102,"Brooklyn"
"551","Census Tract 248",33,"Brooklyn"
"552","Census Tract 249",167,"Brooklyn"
"553","Census Tract 250",33,"Brooklyn"
"554","Census Tract 251",179,"Brooklyn"
"555","Census Tract 252",30,"Brooklyn"
"556","Census Tract 253",95,"Brooklyn"
"557","Census Tract 254",24,"Brooklyn"
"558","Census Tract 255",124,"Brooklyn"
"559","Census Tract 256",40,"Brooklyn"
"560","Census Tract 257",146,"Brooklyn"
"561","Census Tract 258",36,"Brooklyn"
"562","Census Tract 259.01",69,"Brooklyn"
"563","Census Tract 259.02",110,"Brooklyn"
"564","Census Tract 260",36,"Brooklyn"
"565","Census Tract 261",154,"Brooklyn"
"566","Census Tract 262",18,"Brooklyn"
"567","Census Tract 263",105,"Brooklyn"
"568","Census Tract 264",42,"Brooklyn"
"569","Census Tract 265",123,"Brooklyn"
"570","Census Tract 266",27,"Brooklyn"
"571","Census Tract 267",79,"Brooklyn"
"572","Census Tract 268",29,"Brooklyn"
"573","Census Tract 269",129,"Brooklyn"
"574","Census Tract 270",15,"Brooklyn"
"575","Census Tract 271",109,"Brooklyn"
"576","Census Tract 272",24,"Brooklyn"
"577","Census Tract 273",116,"Brooklyn"
"578","Census Tract 274",25,"Brooklyn"
"579","Census Tract 275",135,"Brooklyn"
"580","Census Tract 276",52,"Brooklyn"
"581","Census Tract 277",157,"Brooklyn"
"582","Census Tract 278",45,"Brooklyn"
"583","Census Tract 279",132,"Brooklyn"
"584","Census Tract 280",14,"Brooklyn"
"585","Census Tract 281",191,"Brooklyn"
"586","Census Tract 282",26,"Brooklyn"
"587","Census Tract 283",164,"Brooklyn"
"588","Census Tract 284",50,"Brooklyn"
"589","Census Tract 285.01",21,"Brooklyn"
"590","Census Tract 285.02",79,"Brooklyn"
"591","Census Tract 286",37,"Brooklyn"
"592","Census Tract 287",136,"Brooklyn"
"593","Census Tract 288",48,"Brooklyn"
"594","Census Tract 289",133,"Brooklyn"
"595","Census Tract 29.01",87,"Brooklyn"
"596","Census Tract 290",89,"Brooklyn"
"597","Census Tract 291",140,"Brooklyn"
"598","Census Tract 292",57,"Brooklyn"
"599","Census Tract 293",91,"Brooklyn"
"600","Census Tract 294",23,"Brooklyn"
"601","Census Tract 295",102,"Brooklyn"
"602","Census Tract 296",62,"Brooklyn"
"603","Census Tract 297",246,"Brooklyn"
"604","Census Tract 298",64,"Brooklyn"
"605","Census Tract 299",83,"Brooklyn"
"606","Census Tract 3.01",30,"Brooklyn"
"607","Census Tract 30",16,"Brooklyn"
"608","Census Tract 300",36,"Brooklyn"
"609","Census Tract 301",121,"Brooklyn"
"610","Census Tract 302",23,"Brooklyn"
"611","Census Tract 303",184,"Brooklyn"
"612","Census Tract 304",44,"Brooklyn"
"613","Census Tract 305",167,"Brooklyn"
"614","Census Tract 306",31,"Brooklyn"
"615","Census Tract 307",186,"Brooklyn"
"616","Census Tract 308",50,"Brooklyn"
"617","Census Tract 309",105,"Brooklyn"
"618","Census Tract 31",88,"Brooklyn"
"619","Census Tract 311",136,"Brooklyn"
"620","Census Tract 313",105,"Brooklyn"
"621","Census Tract 314",35,"Brooklyn"
"622","Census Tract 315",189,"Brooklyn"
"623","Census Tract 317.01",63,"Brooklyn"
"624","Census Tract 317.02",116,"Brooklyn"
"625","Census Tract 319",71,"Brooklyn"
"626","Census Tract 321",149,"Brooklyn"
"627","Census Tract 323",85,"Brooklyn"
"628","Census Tract 325",136,"Brooklyn"
"629","Census Tract 326",229,"Brooklyn"
"630","Census Tract 327",102,"Brooklyn"
"631","Census Tract 328",84,"Brooklyn"
"632","Census Tract 329",151,"Brooklyn"
"633","Census Tract 33",162,"Brooklyn"
"634","Census Tract 330",135,"Brooklyn"
"635","Census Tract 331",62,"Brooklyn"
"636","Census Tract 333",52,"Brooklyn"
"637","Census Tract 335",52,"Brooklyn"
"638","Census Tract 336",54,"Brooklyn"
"639","Census Tract 337",72,"Brooklyn"
"640","Census Tract 339",95,"Brooklyn"
"641","Census Tract 34",47,"Brooklyn"
"642","Census Tract 340",10,"Brooklyn"
"643","Census Tract 341",51,"Brooklyn"
"644","Census Tract 342",161,"Brooklyn"
"645","Census Tract 343",98,"Brooklyn"
"646","Census Tract 345",98,"Brooklyn"
"647","Census Tract 347",134,"Brooklyn"
"648","Census Tract 348",139,"Brooklyn"
"649","Census Tract 349",149,"Brooklyn"
"650","Census Tract 35",108,"Brooklyn"
"651","Census Tract 350",120,"Brooklyn"
"652","Census Tract 351",268,"Brooklyn"
"653","Census Tract 352",20,"Brooklyn"
"654","Census Tract 353",132,"Brooklyn"
"655","Census Tract 354",121,"Brooklyn"
"656","Census Tract 355",110,"Brooklyn"
"657","Census Tract 356.01",12,"Brooklyn"
"658","Census Tract 356.02",54,"Brooklyn"
"659","Census Tract 357",91,"Brooklyn"
"660","Census Tract 359",185,"Brooklyn"
"661","Census Tract 36",19,"Brooklyn"
"662","Census Tract 360.01",14,"Brooklyn"
"663","Census Tract 360.02",35,"Brooklyn"
"664","Census Tract 361",124,"Brooklyn"
"665","Census Tract 362",123,"Brooklyn"
"666","Census Tract 363",203,"Brooklyn"
"667","Census Tract 364",63,"Brooklyn"
"668","Census Tract 365.01",68,"Brooklyn"
"669","Census Tract 365.02",116,"Brooklyn"
"670","Census Tract 366",76,"Brooklyn"
"671","Census Tract 367",170,"Brooklyn"
"672","Census Tract 369",222,"Brooklyn"
"673","Census Tract 37",171,"Brooklyn"
"674","Census Tract 370",32,"Brooklyn"
"675","Census Tract 371",106,"Brooklyn"
"676","Census Tract 373",132,"Brooklyn"
"677","Census Tract 374.01",55,"Brooklyn"
"678","Census Tract 374.02",48,"Brooklyn"
"679","Census Tract 375",155,"Brooklyn"
"680","Census Tract 377",120,"Brooklyn"
"681","Census Tract 379",192,"Brooklyn"
"682","Census Tract 38",10,"Brooklyn"
"683","Census Tract 381",136,"Brooklyn"
"684","Census Tract 382",62,"Brooklyn"
"685","Census Tract 383",111,"Brooklyn"
"686","Census Tract 385",149,"Brooklyn"
"687","Census Tract 386",64,"Brooklyn"
"688","Census Tract 387",140,"Brooklyn"
"689","Census Tract 388",18,"Brooklyn"
"690","Census Tract 389",167,"Brooklyn"
"691","Census Tract 39",102,"Brooklyn"
"692","Census Tract 390",17,"Brooklyn"
"693","Census Tract 391",69,"Brooklyn"
"694","Census Tract 392",24,"Brooklyn"
"695","Census Tract 393",144,"Brooklyn"
"696","Census Tract 394",31,"Brooklyn"
"697","Census Tract 395",117,"Brooklyn"
"698","Census Tract 396",20,"Brooklyn"
"699","Census Tract 397",131,"Brooklyn"
"700","Census Tract 398",16,"Brooklyn"
"701","Census Tract 399",115,"Brooklyn"
"702","Census Tract 400",54,"Brooklyn"
"703","Census Tract 401",141,"Brooklyn"
"704","Census Tract 402",51,"Brooklyn"
"705","Census Tract 403",124,"Brooklyn"
"706","Census Tract 404",11,"Brooklyn"
"707","Census Tract 405",107,"Brooklyn"
"708","Census Tract 406",31,"Brooklyn"
"709","Census Tract 407",6,"Brooklyn"
"710","Census Tract 408",26,"Brooklyn"
"711","Census Tract 409",89,"Brooklyn"
"712","Census Tract 41",57,"Brooklyn"
"713","Census Tract 410",23,"Brooklyn"
"714","Census Tract 411",46,"Brooklyn"
"715","Census Tract 412",40,"Brooklyn"
"716","Census Tract 413",109,"Brooklyn"
"717","Census Tract 414.01",8,"Brooklyn"
"718","Census Tract 414.02",18,"Brooklyn"
"719","Census Tract 415",102,"Brooklyn"
"720","Census Tract 416",19,"Brooklyn"
"721","Census Tract 417",62,"Brooklyn"
"722","Census Tract 418",11,"Brooklyn"
"723","Census Tract 419",84,"Brooklyn"
"724","Census Tract 420",26,"Brooklyn"
"725","Census Tract 421",88,"Brooklyn"
"726","Census Tract 422",39,"Brooklyn"
"727","Census Tract 423",95,"Brooklyn"
"728","Census Tract 424",27,"Brooklyn"
"729","Census Tract 425",87,"Brooklyn"
"730","Census Tract 426",45,"Brooklyn"
"731","Census Tract 427",121,"Brooklyn"
"732","Census Tract 428",22,"Brooklyn"
"733","Census Tract 429",151,"Brooklyn"
"734","Census Tract 43",63,"Brooklyn"
"735","Census Tract 430",34,"Brooklyn"
"736","Census Tract 431",143,"Brooklyn"
"737","Census Tract 432",32,"Brooklyn"
"738","Census Tract 433",97,"Brooklyn"
"739","Census Tract 434",16,"Brooklyn"
"740","Census Tract 435",96,"Brooklyn"
"741","Census Tract 436",33,"Brooklyn"
"742","Census Tract 437",102,"Brooklyn"
"743","Census Tract 438",39,"Brooklyn"
"744","Census Tract 439",121,"Brooklyn"
"745","Census Tract 44",24,"Brooklyn"
"746","Census Tract 440",16,"Brooklyn"
"747","Census Tract 441",124,"Brooklyn"
"748","Census Tract 442",8,"Brooklyn"
"749","Census Tract 443",148,"Brooklyn"
"750","Census Tract 444",30,"Brooklyn"
"751","Census Tract 445",116,"Brooklyn"
"752","Census Tract 446",27,"Brooklyn"
"753","Census Tract 447",51,"Brooklyn"
"754","Census Tract 448",20,"Brooklyn"
"755","Census Tract 449",178,"Brooklyn"
"756","Census Tract 45",58,"Brooklyn"
"757","Census Tract 450",22,"Brooklyn"
"758","Census Tract 452",13,"Brooklyn"
"759","Census Tract 453",120,"Brooklyn"
"760","Census Tract 454",23,"Brooklyn"
"761","Census Tract 456",25,"Brooklyn"
"762","Census Tract 458",14,"Brooklyn"
"763","Census Tract 46",36,"Brooklyn"
"764","Census Tract 460",37,"Brooklyn"
"765","Census Tract 462.01",23,"Brooklyn"
"766","Census Tract 462.02",21,"Brooklyn"
"767","Census Tract 464",13,"Brooklyn"
"768","Census Tract 468",19,"Brooklyn"
"769","Census Tract 47",20,"Brooklyn"
"770","Census Tract 470",16,"Brooklyn"
"771","Census Tract 472",9,"Brooklyn"
"772","Census Tract 474",10,"Brooklyn"
"773","Census Tract 476",19,"Brooklyn"
"774","Census Tract 477",78,"Brooklyn"
"775","Census Tract 478",58,"Brooklyn"
"776","Census Tract 480",25,"Brooklyn"
"777","Census Tract 481",94,"Brooklyn"
"778","Census Tract 482",49,"Brooklyn"
"779","Census Tract 484",52,"Brooklyn"
"780","Census Tract 485",163,"Brooklyn"
"781","Census Tract 486",48,"Brooklyn"
"782","Census Tract 488",42,"Brooklyn"
"783","Census Tract 489",117,"Brooklyn"
"784","Census Tract 49",42,"Brooklyn"
"785","Census Tract 490",67,"Brooklyn"
"786","Census Tract 491",264,"Brooklyn"
"787","Census Tract 492",54,"Brooklyn"
"788","Census Tract 493",209,"Brooklyn"
"789","Census Tract 494",46,"Brooklyn"
"790","Census Tract 495",73,"Brooklyn"
"791","Census Tract 496",83,"Brooklyn"
"792","Census Tract 497",72,"Brooklyn"
"793","Census Tract 498",38,"Brooklyn"
"794","Census Tract 499",15,"Brooklyn"
"795","Census Tract 5.01",39,"Brooklyn"
"796","Census Tract 5.02",22,"Brooklyn"
"797","Census Tract 50",21,"Brooklyn"
"798","Census Tract 500",49,"Brooklyn"
"799","Census Tract 501",70,"Brooklyn"
"800","Census Tract 502.02",13,"Brooklyn"
"801","Census Tract 503",71,"Brooklyn"
"802","Census Tract 504",49,"Brooklyn"
"803","Census Tract 505",130,"Brooklyn"
"804","Census Tract 506",124,"Brooklyn"
"805","Census Tract 507",58,"Brooklyn"
"806","Census Tract 508.01",117,"Brooklyn"
"807","Census Tract 508.03",100,"Brooklyn"
"808","Census Tract 508.04",113,"Brooklyn"
"809","Census Tract 509",35,"Brooklyn"
"810","Census Tract 51",20,"Brooklyn"
"811","Census Tract 510.01",109,"Brooklyn"
"812","Census Tract 510.02",93,"Brooklyn"
"813","Census Tract 511",62,"Brooklyn"
"814","Census Tract 512",117,"Brooklyn"
"815","Census Tract 513",116,"Brooklyn"
"816","Census Tract 514",123,"Brooklyn"
"817","Census Tract 515",48,"Brooklyn"
"818","Census Tract 516.01",94,"Brooklyn"
"819","Census Tract 516.02",53,"Brooklyn"
"820","Census Tract 517",52,"Brooklyn"
"821","Census Tract 518",46,"Brooklyn"
"822","Census Tract 519",134,"Brooklyn"
"823","Census Tract 52.01",15,"Brooklyn"
"824","Census Tract 52.02",11,"Brooklyn"
"825","Census Tract 520",59,"Brooklyn"
"826","Census Tract 523",80,"Brooklyn"
"827","Census Tract 525",113,"Brooklyn"
"828","Census Tract 526",49,"Brooklyn"
"829","Census Tract 527",132,"Brooklyn"
"830","Census Tract 528",32,"Brooklyn"
"831","Census Tract 529",51,"Brooklyn"
"832","Census Tract 53",121,"Brooklyn"
"833","Census Tract 530",44,"Brooklyn"
"834","Census Tract 531",45,"Brooklyn"
"835","Census Tract 532",49,"Brooklyn"
"836","Census Tract 533",29,"Brooklyn"
"837","Census Tract 534",55,"Brooklyn"
"838","Census Tract 535",30,"Brooklyn"
"839","Census Tract 537",17,"Brooklyn"
"840","Census Tract 538",35,"Brooklyn"
"841","Census Tract 539",6,"Brooklyn"
"842","Census Tract 54",35,"Brooklyn"
"843","Census Tract 542",60,"Brooklyn"
"844","Census Tract 543",44,"Brooklyn"
"845","Census Tract 544",28,"Brooklyn"
"846","Census Tract 545",86,"Brooklyn"
"847","Census Tract 546",17,"Brooklyn"
"848","Census Tract 547",66,"Brooklyn"
"849","Census Tract 548",15,"Brooklyn"
"850","Census Tract 549",67,"Brooklyn"
"851","Census Tract 550",38,"Brooklyn"
"852","Census Tract 551",98,"Brooklyn"
"853","Census Tract 552",74,"Brooklyn"
"854","Census Tract 553",117,"Brooklyn"
"855","Census Tract 554",72,"Brooklyn"
"856","Census Tract 555",70,"Brooklyn"
"857","Census Tract 556",30,"Brooklyn"
"858","Census Tract 557",58,"Brooklyn"
"859","Census Tract 558",32,"Brooklyn"
"860","Census Tract 56.01",15,"Brooklyn"
"861","Census Tract 56.02",18,"Brooklyn"
"862","Census Tract 560",36,"Brooklyn"
"863","Census Tract 561",59,"Brooklyn"
"864","Census Tract 562",19,"Brooklyn"
"865","Census Tract 563",43,"Brooklyn"
"866","Census Tract 564",22,"Brooklyn"
"867","Census Tract 565",38,"Brooklyn"
"868","Census Tract 566",19,"Brooklyn"
"869","Census Tract 568",8,"Brooklyn"
"870","Census Tract 569",69,"Brooklyn"
"871","Census Tract 570",33,"Brooklyn"
"872","Census Tract 571",57,"Brooklyn"
"873","Census Tract 572",145,"Brooklyn"
"874","Census Tract 573",38,"Brooklyn"
"875","Census Tract 574",21,"Brooklyn"
"876","Census Tract 575",78,"Brooklyn"
"877","Census Tract 576",7,"Brooklyn"
"878","Census Tract 578",49,"Brooklyn"
"879","Census Tract 579",42,"Brooklyn"
"880","Census Tract 58",39,"Brooklyn"
"881","Census Tract 580",31,"Brooklyn"
"882","Census Tract 582",31,"Brooklyn"
"883","Census Tract 584",19,"Brooklyn"
"884","Census Tract 586",16,"Brooklyn"
"885","Census Tract 588",22,"Brooklyn"
"886","Census Tract 589",36,"Brooklyn"
"887","Census Tract 59",67,"Brooklyn"
"888","Census Tract 590",32,"Brooklyn"
"889","Census Tract 591",35,"Brooklyn"
"890","Census Tract 592",58,"Brooklyn"
"891","Census Tract 593",36,"Brooklyn"
"892","Census Tract 594.01",56,"Brooklyn"
"893","Census Tract 594.02",43,"Brooklyn"
"894","Census Tract 596",31,"Brooklyn"
"895","Census Tract 598",22,"Brooklyn"
"896","Census Tract 60",47,"Brooklyn"
"897","Census Tract 600",82,"Brooklyn"
"898","Census Tract 606",39,"Brooklyn"
"899","Census Tract 608",66,"Brooklyn"
"900","Census Tract 610.02",14,"Brooklyn"
"901","Census Tract 610.03",32,"Brooklyn"
"902","Census Tract 610.04",75,"Brooklyn"
"903","Census Tract 612",15,"Brooklyn"
"904","Census Tract 616",27,"Brooklyn"
"905","Census Tract 62",67,"Brooklyn"
"906","Census Tract 620",29,"Brooklyn"
"907","Census Tract 622",39,"Brooklyn"
"908","Census Tract 626",41,"Brooklyn"
"909","Census Tract 628",56,"Brooklyn"
"910","Census Tract 63",39,"Brooklyn"
"911","Census Tract 632",13,"Brooklyn"
"912","Census Tract 636",10,"Brooklyn"
"913","Census Tract 638",11,"Brooklyn"
"914","Census Tract 64",44,"Brooklyn"
"915","Census Tract 640",10,"Brooklyn"
"916","Census Tract 642",53,"Brooklyn"
"917","Census Tract 644",13,"Brooklyn"
"918","Census Tract 646",20,"Brooklyn"
"919","Census Tract 648",13,"Brooklyn"
"920","Census Tract 65",55,"Brooklyn"
"921","Census Tract 650",27,"Brooklyn"
"922","Census Tract 652",21,"Brooklyn"
"923","Census Tract 654",21,"Brooklyn"
"924","Census Tract 656",13,"Brooklyn"
"925","Census Tract 658",19,"Brooklyn"
"926","Census Tract 66",49,"Brooklyn"
"927","Census Tract 660",13,"Brooklyn"
"928","Census Tract 662",17,"Brooklyn"
"929","Census Tract 666",33,"Brooklyn"
"930","Census Tract 67",30,"Brooklyn"
"931","Census Tract 670",72,"Brooklyn"
"932","Census Tract 672",25,"Brooklyn"
"933","Census Tract 674",37,"Brooklyn"
"934","Census Tract 676",33,"Brooklyn"
"935","Census Tract 678",38,"Brooklyn"
"936","Census Tract 68",97,"Brooklyn"
"937","Census Tract 680",42,"Brooklyn"
"938","Census Tract 682",24,"Brooklyn"
"939","Census Tract 686",22,"Brooklyn"
"940","Census Tract 688",17,"Brooklyn"
"941","Census Tract 69",126,"Brooklyn"
"942","Census Tract 690",32,"Brooklyn"
"943","Census Tract 692",62,"Brooklyn"
"944","Census Tract 696.01",43,"Brooklyn"
"945","Census Tract 696.02",76,"Brooklyn"
"946","Census Tract 698",118,"Brooklyn"
"947","Census Tract 7",27,"Brooklyn"
"948","Census Tract 70",24,"Brooklyn"
"949","Census Tract 700",14,"Brooklyn"
"950","Census Tract 702.01",51,"Brooklyn"
"951","Census Tract 702.02",11,"Brooklyn"
"952","Census Tract 706",25,"Brooklyn"
"953","Census Tract 71",100,"Brooklyn"
"954","Census Tract 72",21,"Brooklyn"
"955","Census Tract 720",65,"Brooklyn"
"956","Census Tract 722",50,"Brooklyn"
"957","Census Tract 724",65,"Brooklyn"
"958","Census Tract 726",33,"Brooklyn"
"959","Census Tract 728",53,"Brooklyn"
"960","Census Tract 730",41,"Brooklyn"
"961","Census Tract 732",24,"Brooklyn"
"962","Census Tract 734",38,"Brooklyn"
"963","Census Tract 736",91,"Brooklyn"
"964","Census Tract 738",39,"Brooklyn"
"965","Census Tract 74",113,"Brooklyn"
"966","Census Tract 740",68,"Brooklyn"
"967","Census Tract 742",63,"Brooklyn"
"968","Census Tract 744",21,"Brooklyn"
"969","Census Tract 746",49,"Brooklyn"
"970","Census Tract 748",43,"Brooklyn"
"971","Census Tract 75",72,"Brooklyn"
"972","Census Tract 750",22,"Brooklyn"
"973","Census Tract 752",13,"Brooklyn"
"974","Census Tract 754",17,"Brooklyn"
"975","Census Tract 756",21,"Brooklyn"
"976","Census Tract 758",19,"Brooklyn"
"977","Census Tract 76",98,"Brooklyn"
"978","Census Tract 760",29,"Brooklyn"
"979","Census Tract 762",43,"Brooklyn"
"980","Census Tract 764",23,"Brooklyn"
"981","Census Tract 766",28,"Brooklyn"
"982","Census Tract 768",81,"Brooklyn"
"983","Census Tract 77",71,"Brooklyn"
"984","Census Tract 770",51,"Brooklyn"
"985","Census Tract 772",97,"Brooklyn"
"986","Census Tract 774",79,"Brooklyn"
"987","Census Tract 776",54,"Brooklyn"
"988","Census Tract 78",129,"Brooklyn"
"989","Census Tract 780",41,"Brooklyn"
"990","Census Tract 782",55,"Brooklyn"
"991","Census Tract 784",45,"Brooklyn"
"992","Census Tract 786",190,"Brooklyn"
"993","Census Tract 788",106,"Brooklyn"
"994","Census Tract 790",156,"Brooklyn"
"995","Census Tract 792",137,"Brooklyn"
"996","Census Tract 794",212,"Brooklyn"
"997","Census Tract 796.01",109,"Brooklyn"
"998","Census Tract 796.02",220,"Brooklyn"
"999","Census Tract 798.01",76,"Brooklyn"
"1000","Census Tract 798.02",121,"Brooklyn"
"1001","Census Tract 80",71,"Brooklyn"
"1002","Census Tract 800",93,"Brooklyn"
"1003","Census Tract 802",143,"Brooklyn"
"1004","Census Tract 804",125,"Brooklyn"
"1005","Census Tract 806",77,"Brooklyn"
"1006","Census Tract 808",153,"Brooklyn"
"1007","Census Tract 810",79,"Brooklyn"
"1008","Census Tract 814",71,"Brooklyn"
"1009","Census Tract 816",98,"Brooklyn"
"1010","Census Tract 818",113,"Brooklyn"
"1011","Census Tract 82",71,"Brooklyn"
"1012","Census Tract 820",183,"Brooklyn"
"1013","Census Tract 822",106,"Brooklyn"
"1014","Census Tract 824",149,"Brooklyn"
"1015","Census Tract 826",137,"Brooklyn"
"1016","Census Tract 828",123,"Brooklyn"
"1017","Census Tract 830",126,"Brooklyn"
"1018","Census Tract 832",35,"Brooklyn"
"1019","Census Tract 834",24,"Brooklyn"
"1020","Census Tract 836",37,"Brooklyn"
"1021","Census Tract 838",25,"Brooklyn"
"1022","Census Tract 84",124,"Brooklyn"
"1023","Census Tract 840",44,"Brooklyn"
"1024","Census Tract 846",33,"Brooklyn"
"1025","Census Tract 848",31,"Brooklyn"
"1026","Census Tract 85",203,"Brooklyn"
"1027","Census Tract 850",28,"Brooklyn"
"1028","Census Tract 852",8,"Brooklyn"
"1029","Census Tract 854",36,"Brooklyn"
"1030","Census Tract 856",73,"Brooklyn"
"1031","Census Tract 858",31,"Brooklyn"
"1032","Census Tract 86",27,"Brooklyn"
"1033","Census Tract 860",59,"Brooklyn"
"1034","Census Tract 862",53,"Brooklyn"
"1035","Census Tract 864",56,"Brooklyn"
"1036","Census Tract 866",70,"Brooklyn"
"1037","Census Tract 868",138,"Brooklyn"
"1038","Census Tract 870",85,"Brooklyn"
"1039","Census Tract 872",68,"Brooklyn"
"1040","Census Tract 874.01",98,"Brooklyn"
"1041","Census Tract 876",63,"Brooklyn"
"1042","Census Tract 878",68,"Brooklyn"
"1043","Census Tract 88",28,"Brooklyn"
"1044","Census Tract 880",91,"Brooklyn"
"1045","Census Tract 882",100,"Brooklyn"
"1046","Census Tract 884",125,"Brooklyn"
"1047","Census Tract 886",138,"Brooklyn"
"1048","Census Tract 888",74,"Brooklyn"
"1049","Census Tract 890",127,"Brooklyn"
"1050","Census Tract 892",179,"Brooklyn"
"1051","Census Tract 894",108,"Brooklyn"
"1052","Census Tract 896",128,"Brooklyn"
"1053","Census Tract 898",93,"Brooklyn"
"1054","Census Tract 9",127,"Brooklyn"
"1055","Census Tract 90",45,"Brooklyn"
"1056","Census Tract 900",221,"Brooklyn"
"1057","Census Tract 902",113,"Brooklyn"
"1058","Census Tract 906",247,"Brooklyn"
"1059","Census Tract 908",324,"Brooklyn"
"1060","Census Tract 910",183,"Brooklyn"
"1061","Census Tract 912",256,"Brooklyn"
"1062","Census Tract 916",203,"Brooklyn"
"1063","Census Tract 918",75,"Brooklyn"
"1064","Census Tract 92",58,"Brooklyn"
"1065","Census Tract 920",176,"Brooklyn"
"1066","Census Tract 922",47,"Brooklyn"
"1067","Census Tract 924",235,"Brooklyn"
"1068","Census Tract 928",38,"Brooklyn"
"1069","Census Tract 930",34,"Brooklyn"
"1070","Census Tract 932",39,"Brooklyn"
"1071","Census Tract 934",24,"Brooklyn"
"1072","Census Tract 936",52,"Brooklyn"
"1073","Census Tract 938",34,"Brooklyn"
"1074","Census Tract 94",75,"Brooklyn"
"1075","Census Tract 944.01",86,"Brooklyn"
"1076","Census Tract 944.02",57,"Brooklyn"
"1077","Census Tract 946",27,"Brooklyn"
"1078","Census Tract 950",69,"Brooklyn"
"1079","Census Tract 954",96,"Brooklyn"
"1080","Census Tract 956",59,"Brooklyn"
"1081","Census Tract 958",82,"Brooklyn"
"1082","Census Tract 96",86,"Brooklyn"
"1083","Census Tract 960",29,"Brooklyn"
"1084","Census Tract 962",38,"Brooklyn"
"1085","Census Tract 964",53,"Brooklyn"
"1086","Census Tract 966",42,"Brooklyn"
"1087","Census Tract 968",36,"Brooklyn"
"1088","Census Tract 970",45,"Brooklyn"
"1089","Census Tract 974",129,"Brooklyn"
"1090","Census Tract 98",96,"Brooklyn"
"1091","Census Tract 982",103,"Brooklyn"
"1092","Census Tract 984",27,"Brooklyn"
"1093","Census Tract 986",42,"Brooklyn"
"1094","Census Tract 988",48,"Brooklyn"
"1095","Census Tract 990",27,"Brooklyn"
"1096","Census Tract 992",36,"Brooklyn"
"1097","Census Tract 994",32,"Brooklyn"
"1098","Census Tract 996",41,"Brooklyn"
"1099","Census Tract 998",55,"Brooklyn"
"1100",NA,31,"Brooklyn"
"1101","Census Tract 10.01",8,"Manhattan"
"1102","Census Tract 10.02",119,"Manhattan"
"1103","Census Tract 100",215,"Manhattan"
"1104","Census Tract 101",332,"Manhattan"
"1105","Census Tract 102",125,"Manhattan"
"1106","Census Tract 103",120,"Manhattan"
"1107","Census Tract 104",235,"Manhattan"
"1108","Census Tract 106.01",35,"Manhattan"
"1109","Census Tract 106.02",36,"Manhattan"
"1110","Census Tract 108",116,"Manhattan"
"1111","Census Tract 109",759,"Manhattan"
"1112","Census Tract 110",67,"Manhattan"
"1113","Census Tract 111",271,"Manhattan"
"1114","Census Tract 112.01",172,"Manhattan"
"1115","Census Tract 112.02",48,"Manhattan"
"1116","Census Tract 112.03",70,"Manhattan"
"1117","Census Tract 113",205,"Manhattan"
"1118","Census Tract 114.01",59,"Manhattan"
"1119","Census Tract 114.02",226,"Manhattan"
"1120","Census Tract 115",380,"Manhattan"
"1121","Census Tract 116",39,"Manhattan"
"1122","Census Tract 117",16,"Manhattan"
"1123","Census Tract 118",71,"Manhattan"
"1124","Census Tract 119",623,"Manhattan"
"1125","Census Tract 12",51,"Manhattan"
"1126","Census Tract 120",135,"Manhattan"
"1127","Census Tract 121",378,"Manhattan"
"1128","Census Tract 122",57,"Manhattan"
"1129","Census Tract 124",49,"Manhattan"
"1130","Census Tract 125",379,"Manhattan"
"1131","Census Tract 126",80,"Manhattan"
"1132","Census Tract 127",213,"Manhattan"
"1133","Census Tract 128",80,"Manhattan"
"1134","Census Tract 129",188,"Manhattan"
"1135","Census Tract 13",215,"Manhattan"
"1136","Census Tract 130",57,"Manhattan"
"1137","Census Tract 131",228,"Manhattan"
"1138","Census Tract 132",68,"Manhattan"
"1139","Census Tract 133",157,"Manhattan"
"1140","Census Tract 134",131,"Manhattan"
"1141","Census Tract 135",145,"Manhattan"
"1142","Census Tract 136",69,"Manhattan"
"1143","Census Tract 137",281,"Manhattan"
"1144","Census Tract 138",103,"Manhattan"
"1145","Census Tract 139",128,"Manhattan"
"1146","Census Tract 14.01",23,"Manhattan"
"1147","Census Tract 14.02",93,"Manhattan"
"1148","Census Tract 140",117,"Manhattan"
"1149","Census Tract 142",39,"Manhattan"
"1150","Census Tract 143",188,"Manhattan"
"1151","Census Tract 144.01",23,"Manhattan"
"1152","Census Tract 144.02",36,"Manhattan"
"1153","Census Tract 145",199,"Manhattan"
"1154","Census Tract 146.01",39,"Manhattan"
"1155","Census Tract 146.02",95,"Manhattan"
"1156","Census Tract 147",33,"Manhattan"
"1157","Census Tract 148.01",32,"Manhattan"
"1158","Census Tract 148.02",170,"Manhattan"
"1159","Census Tract 149",99,"Manhattan"
"1160","Census Tract 15.01",135,"Manhattan"
"1161","Census Tract 15.02",123,"Manhattan"
"1162","Census Tract 150.01",15,"Manhattan"
"1163","Census Tract 150.02",29,"Manhattan"
"1164","Census Tract 151",165,"Manhattan"
"1165","Census Tract 152",56,"Manhattan"
"1166","Census Tract 153",144,"Manhattan"
"1167","Census Tract 154",128,"Manhattan"
"1168","Census Tract 155",42,"Manhattan"
"1169","Census Tract 156.01",69,"Manhattan"
"1170","Census Tract 156.02",60,"Manhattan"
"1171","Census Tract 157",123,"Manhattan"
"1172","Census Tract 158.01",71,"Manhattan"
"1173","Census Tract 158.02",54,"Manhattan"
"1174","Census Tract 159",137,"Manhattan"
"1175","Census Tract 16",150,"Manhattan"
"1176","Census Tract 160.01",31,"Manhattan"
"1177","Census Tract 160.02",18,"Manhattan"
"1178","Census Tract 161",62,"Manhattan"
"1179","Census Tract 162",190,"Manhattan"
"1180","Census Tract 163",100,"Manhattan"
"1181","Census Tract 164",125,"Manhattan"
"1182","Census Tract 165",69,"Manhattan"
"1183","Census Tract 166",219,"Manhattan"
"1184","Census Tract 167",117,"Manhattan"
"1185","Census Tract 168",127,"Manhattan"
"1186","Census Tract 169",81,"Manhattan"
"1187","Census Tract 170",160,"Manhattan"
"1188","Census Tract 171",101,"Manhattan"
"1189","Census Tract 172",288,"Manhattan"
"1190","Census Tract 173",86,"Manhattan"
"1191","Census Tract 174.01",119,"Manhattan"
"1192","Census Tract 174.02",39,"Manhattan"
"1193","Census Tract 175",99,"Manhattan"
"1194","Census Tract 177",91,"Manhattan"
"1195","Census Tract 178",59,"Manhattan"
"1196","Census Tract 179",120,"Manhattan"
"1197","Census Tract 18",242,"Manhattan"
"1198","Census Tract 180",191,"Manhattan"
"1199","Census Tract 181",57,"Manhattan"
"1200","Census Tract 182",331,"Manhattan"
"1201","Census Tract 183",211,"Manhattan"
"1202","Census Tract 184",160,"Manhattan"
"1203","Census Tract 185",41,"Manhattan"
"1204","Census Tract 186",153,"Manhattan"
"1205","Census Tract 187",113,"Manhattan"
"1206","Census Tract 188",202,"Manhattan"
"1207","Census Tract 189",199,"Manhattan"
"1208","Census Tract 190",130,"Manhattan"
"1209","Census Tract 191",143,"Manhattan"
"1210","Census Tract 192",90,"Manhattan"
"1211","Census Tract 193",111,"Manhattan"
"1212","Census Tract 194",214,"Manhattan"
"1213","Census Tract 195",118,"Manhattan"
"1214","Census Tract 196",378,"Manhattan"
"1215","Census Tract 197.01",59,"Manhattan"
"1216","Census Tract 197.02",48,"Manhattan"
"1217","Census Tract 198",119,"Manhattan"
"1218","Census Tract 199",86,"Manhattan"
"1219","Census Tract 2.01",59,"Manhattan"
"1220","Census Tract 2.02",101,"Manhattan"
"1221","Census Tract 20",36,"Manhattan"
"1222","Census Tract 200",130,"Manhattan"
"1223","Census Tract 201.01",27,"Manhattan"
"1224","Census Tract 201.02",108,"Manhattan"
"1225","Census Tract 203",42,"Manhattan"
"1226","Census Tract 205",41,"Manhattan"
"1227","Census Tract 206",96,"Manhattan"
"1228","Census Tract 207.01",14,"Manhattan"
"1229","Census Tract 208",127,"Manhattan"
"1230","Census Tract 209.01",178,"Manhattan"
"1231","Census Tract 21",147,"Manhattan"
"1232","Census Tract 210",107,"Manhattan"
"1233","Census Tract 211",184,"Manhattan"
"1234","Census Tract 212",149,"Manhattan"
"1235","Census Tract 213.03",138,"Manhattan"
"1236","Census Tract 214",79,"Manhattan"
"1237","Census Tract 215",83,"Manhattan"
"1238","Census Tract 216",200,"Manhattan"
"1239","Census Tract 217.03",159,"Manhattan"
"1240","Census Tract 218",214,"Manhattan"
"1241","Census Tract 219",278,"Manhattan"
"1242","Census Tract 22.01",147,"Manhattan"
"1243","Census Tract 22.02",67,"Manhattan"
"1244","Census Tract 220",142,"Manhattan"
"1245","Census Tract 221.02",95,"Manhattan"
"1246","Census Tract 222",253,"Manhattan"
"1247","Census Tract 223.01",167,"Manhattan"
"1248","Census Tract 223.02",90,"Manhattan"
"1249","Census Tract 224",175,"Manhattan"
"1250","Census Tract 225",240,"Manhattan"
"1251","Census Tract 226",162,"Manhattan"
"1252","Census Tract 227",103,"Manhattan"
"1253","Census Tract 228",231,"Manhattan"
"1254","Census Tract 229",227,"Manhattan"
"1255","Census Tract 230",238,"Manhattan"
"1256","Census Tract 231",165,"Manhattan"
"1257","Census Tract 232",266,"Manhattan"
"1258","Census Tract 233",178,"Manhattan"
"1259","Census Tract 234",130,"Manhattan"
"1260","Census Tract 235.01",149,"Manhattan"
"1261","Census Tract 235.02",66,"Manhattan"
"1262","Census Tract 236",143,"Manhattan"
"1263","Census Tract 237",185,"Manhattan"
"1264","Census Tract 239",74,"Manhattan"
"1265","Census Tract 24",90,"Manhattan"
"1266","Census Tract 240",106,"Manhattan"
"1267","Census Tract 241",174,"Manhattan"
"1268","Census Tract 242",145,"Manhattan"
"1269","Census Tract 243.01",116,"Manhattan"
"1270","Census Tract 243.02",253,"Manhattan"
"1271","Census Tract 245",283,"Manhattan"
"1272","Census Tract 247",112,"Manhattan"
"1273","Census Tract 249",31,"Manhattan"
"1274","Census Tract 25",56,"Manhattan"
"1275","Census Tract 251",186,"Manhattan"
"1276","Census Tract 253",164,"Manhattan"
"1277","Census Tract 255",98,"Manhattan"
"1278","Census Tract 257",163,"Manhattan"
"1279","Census Tract 259",182,"Manhattan"
"1280","Census Tract 26.01",115,"Manhattan"
"1281","Census Tract 26.02",119,"Manhattan"
"1282","Census Tract 261",159,"Manhattan"
"1283","Census Tract 263",156,"Manhattan"
"1284","Census Tract 265",108,"Manhattan"
"1285","Census Tract 267",18,"Manhattan"
"1286","Census Tract 269",184,"Manhattan"
"1287","Census Tract 27",58,"Manhattan"
"1288","Census Tract 271",248,"Manhattan"
"1289","Census Tract 273",71,"Manhattan"
"1290","Census Tract 275",16,"Manhattan"
"1291","Census Tract 277",83,"Manhattan"
"1292","Census Tract 279",186,"Manhattan"
"1293","Census Tract 28",153,"Manhattan"
"1294","Census Tract 281",36,"Manhattan"
"1295","Census Tract 283",66,"Manhattan"
"1296","Census Tract 285",105,"Manhattan"
"1297","Census Tract 287",61,"Manhattan"
"1298","Census Tract 29",95,"Manhattan"
"1299","Census Tract 291",207,"Manhattan"
"1300","Census Tract 293",210,"Manhattan"
"1301","Census Tract 295",100,"Manhattan"
"1302","Census Tract 297",56,"Manhattan"
"1303","Census Tract 299",92,"Manhattan"
"1304","Census Tract 30.01",229,"Manhattan"
"1305","Census Tract 30.02",134,"Manhattan"
"1306","Census Tract 303",97,"Manhattan"
"1307","Census Tract 307",28,"Manhattan"
"1308","Census Tract 31",106,"Manhattan"
"1309","Census Tract 311",18,"Manhattan"
"1310","Census Tract 317.03",34,"Manhattan"
"1311","Census Tract 317.04",47,"Manhattan"
"1312","Census Tract 319",1,"Manhattan"
"1313","Census Tract 32",218,"Manhattan"
"1314","Census Tract 33",203,"Manhattan"
"1315","Census Tract 34",207,"Manhattan"
"1316","Census Tract 36.01",118,"Manhattan"
"1317","Census Tract 36.02",126,"Manhattan"
"1318","Census Tract 37",196,"Manhattan"
"1319","Census Tract 38",226,"Manhattan"
"1320","Census Tract 39",91,"Manhattan"
"1321","Census Tract 40",132,"Manhattan"
"1322","Census Tract 41",154,"Manhattan"
"1323","Census Tract 42",149,"Manhattan"
"1324","Census Tract 43",143,"Manhattan"
"1325","Census Tract 44",48,"Manhattan"
"1326","Census Tract 45",109,"Manhattan"
"1327","Census Tract 47",196,"Manhattan"
"1328","Census Tract 48",204,"Manhattan"
"1329","Census Tract 49",334,"Manhattan"
"1330","Census Tract 5",1,"Manhattan"
"1331","Census Tract 50",295,"Manhattan"
"1332","Census Tract 52",324,"Manhattan"
"1333","Census Tract 54",213,"Manhattan"
"1334","Census Tract 55.01",109,"Manhattan"
"1335","Census Tract 55.02",87,"Manhattan"
"1336","Census Tract 56",115,"Manhattan"
"1337","Census Tract 57",138,"Manhattan"
"1338","Census Tract 58",238,"Manhattan"
"1339","Census Tract 59",94,"Manhattan"
"1340","Census Tract 6",152,"Manhattan"
"1341","Census Tract 60",36,"Manhattan"
"1342","Census Tract 61",148,"Manhattan"
"1343","Census Tract 62",62,"Manhattan"
"1344","Census Tract 63",110,"Manhattan"
"1345","Census Tract 64",116,"Manhattan"
"1346","Census Tract 65",253,"Manhattan"
"1347","Census Tract 66",213,"Manhattan"
"1348","Census Tract 67",133,"Manhattan"
"1349","Census Tract 68",186,"Manhattan"
"1350","Census Tract 69",44,"Manhattan"
"1351","Census Tract 7",102,"Manhattan"
"1352","Census Tract 70",102,"Manhattan"
"1353","Census Tract 71",219,"Manhattan"
"1354","Census Tract 72",218,"Manhattan"
"1355","Census Tract 73",195,"Manhattan"
"1356","Census Tract 74",199,"Manhattan"
"1357","Census Tract 75",83,"Manhattan"
"1358","Census Tract 76",413,"Manhattan"
"1359","Census Tract 77",96,"Manhattan"
"1360","Census Tract 78",71,"Manhattan"
"1361","Census Tract 79",211,"Manhattan"
"1362","Census Tract 8",112,"Manhattan"
"1363","Census Tract 80",99,"Manhattan"
"1364","Census Tract 81",252,"Manhattan"
"1365","Census Tract 82",129,"Manhattan"
"1366","Census Tract 83",273,"Manhattan"
"1367","Census Tract 84",192,"Manhattan"
"1368","Census Tract 86.01",17,"Manhattan"
"1369","Census Tract 86.02",3,"Manhattan"
"1370","Census Tract 86.03",14,"Manhattan"
"1371","Census Tract 87",174,"Manhattan"
"1372","Census Tract 88",97,"Manhattan"
"1373","Census Tract 89",135,"Manhattan"
"1374","Census Tract 9",94,"Manhattan"
"1375","Census Tract 90",103,"Manhattan"
"1376","Census Tract 91",218,"Manhattan"
"1377","Census Tract 92",257,"Manhattan"
"1378","Census Tract 93",167,"Manhattan"
"1379","Census Tract 94",152,"Manhattan"
"1380","Census Tract 95",212,"Manhattan"
"1381","Census Tract 96",223,"Manhattan"
"1382","Census Tract 97",95,"Manhattan"
"1383","Census Tract 98",121,"Manhattan"
"1384","Census Tract 99",368,"Manhattan"
"1385",NA,1,"Manhattan"
"1386","Census Tract 1",69,"Queens"
"1387","Census Tract 10",30,"Queens"
"1388","Census Tract 100",58,"Queens"
"1389","Census Tract 1008.01",40,"Queens"
"1390","Census Tract 1008.02",157,"Queens"
"1391","Census Tract 101",23,"Queens"
"1392","Census Tract 1010.01",97,"Queens"
"1393","Census Tract 1010.02",46,"Queens"
"1394","Census Tract 1017",34,"Queens"
"1395","Census Tract 102",54,"Queens"
"1396","Census Tract 1029",40,"Queens"
"1397","Census Tract 103",42,"Queens"
"1398","Census Tract 1032.01",221,"Queens"
"1399","Census Tract 1032.02",158,"Queens"
"1400","Census Tract 1033",29,"Queens"
"1401","Census Tract 1039",49,"Queens"
"1402","Census Tract 104",40,"Queens"
"1403","Census Tract 1047",38,"Queens"
"1404","Census Tract 105",28,"Queens"
"1405","Census Tract 1059",25,"Queens"
"1406","Census Tract 106",53,"Queens"
"1407","Census Tract 107.01",16,"Queens"
"1408","Census Tract 1072.01",37,"Queens"
"1409","Census Tract 108",54,"Queens"
"1410","Census Tract 1085",28,"Queens"
"1411","Census Tract 1093",35,"Queens"
"1412","Census Tract 1097",30,"Queens"
"1413","Census Tract 1099",23,"Queens"
"1414","Census Tract 110",37,"Queens"
"1415","Census Tract 111",17,"Queens"
"1416","Census Tract 1113",10,"Queens"
"1417","Census Tract 112",30,"Queens"
"1418","Census Tract 1123",38,"Queens"
"1419","Census Tract 1129",17,"Queens"
"1420","Census Tract 113",65,"Queens"
"1421","Census Tract 1133",4,"Queens"
"1422","Census Tract 1139",32,"Queens"
"1423","Census Tract 114",33,"Queens"
"1424","Census Tract 1141",14,"Queens"
"1425","Census Tract 1147",13,"Queens"
"1426","Census Tract 115",39,"Queens"
"1427","Census Tract 1151",8,"Queens"
"1428","Census Tract 1155",34,"Queens"
"1429","Census Tract 1157",33,"Queens"
"1430","Census Tract 1159",35,"Queens"
"1431","Census Tract 116",39,"Queens"
"1432","Census Tract 1161",61,"Queens"
"1433","Census Tract 1163",60,"Queens"
"1434","Census Tract 1167",49,"Queens"
"1435","Census Tract 117",41,"Queens"
"1436","Census Tract 1171",90,"Queens"
"1437","Census Tract 1175",25,"Queens"
"1438","Census Tract 118",50,"Queens"
"1439","Census Tract 1181",16,"Queens"
"1440","Census Tract 1185",13,"Queens"
"1441","Census Tract 1187",25,"Queens"
"1442","Census Tract 1189",23,"Queens"
"1443","Census Tract 119",16,"Queens"
"1444","Census Tract 1191",22,"Queens"
"1445","Census Tract 1193",12,"Queens"
"1446","Census Tract 1195",12,"Queens"
"1447","Census Tract 1199",10,"Queens"
"1448","Census Tract 12",65,"Queens"
"1449","Census Tract 120",59,"Queens"
"1450","Census Tract 1201",16,"Queens"
"1451","Census Tract 1203",14,"Queens"
"1452","Census Tract 1205",45,"Queens"
"1453","Census Tract 1207",13,"Queens"
"1454","Census Tract 121",26,"Queens"
"1455","Census Tract 1211",12,"Queens"
"1456","Census Tract 1215",35,"Queens"
"1457","Census Tract 122",58,"Queens"
"1458","Census Tract 1223",28,"Queens"
"1459","Census Tract 1227.01",88,"Queens"
"1460","Census Tract 1227.02",132,"Queens"
"1461","Census Tract 123.01",46,"Queens"
"1462","Census Tract 124",68,"Queens"
"1463","Census Tract 1241",33,"Queens"
"1464","Census Tract 1247",26,"Queens"
"1465","Census Tract 125",36,"Queens"
"1466","Census Tract 1257",38,"Queens"
"1467","Census Tract 126.01",25,"Queens"
"1468","Census Tract 126.02",29,"Queens"
"1469","Census Tract 1265",15,"Queens"
"1470","Census Tract 1267",52,"Queens"
"1471","Census Tract 1277",71,"Queens"
"1472","Census Tract 128",47,"Queens"
"1473","Census Tract 1283",17,"Queens"
"1474","Census Tract 1291.02",30,"Queens"
"1475","Census Tract 1291.03",29,"Queens"
"1476","Census Tract 1291.04",29,"Queens"
"1477","Census Tract 130",47,"Queens"
"1478","Census Tract 1301",80,"Queens"
"1479","Census Tract 132",39,"Queens"
"1480","Census Tract 1333",39,"Queens"
"1481","Census Tract 1339",22,"Queens"
"1482","Census Tract 134",36,"Queens"
"1483","Census Tract 1341",46,"Queens"
"1484","Census Tract 1347",67,"Queens"
"1485","Census Tract 135",12,"Queens"
"1486","Census Tract 136",12,"Queens"
"1487","Census Tract 1367",49,"Queens"
"1488","Census Tract 137",13,"Queens"
"1489","Census Tract 1377",54,"Queens"
"1490","Census Tract 138",32,"Queens"
"1491","Census Tract 1385.01",55,"Queens"
"1492","Census Tract 1385.02",10,"Queens"
"1493","Census Tract 1399",15,"Queens"
"1494","Census Tract 14",64,"Queens"
"1495","Census Tract 140",34,"Queens"
"1496","Census Tract 1403",16,"Queens"
"1497","Census Tract 1409.01",6,"Queens"
"1498","Census Tract 1409.02",27,"Queens"
"1499","Census Tract 141",22,"Queens"
"1500","Census Tract 1417",49,"Queens"
"1501","Census Tract 142.01",63,"Queens"
"1502","Census Tract 142.02",126,"Queens"
"1503","Census Tract 1429",33,"Queens"
"1504","Census Tract 143",71,"Queens"
"1505","Census Tract 1435",14,"Queens"
"1506","Census Tract 144",70,"Queens"
"1507","Census Tract 1441",24,"Queens"
"1508","Census Tract 1447",34,"Queens"
"1509","Census Tract 145",23,"Queens"
"1510","Census Tract 1451.01",14,"Queens"
"1511","Census Tract 1451.02",19,"Queens"
"1512","Census Tract 1459",17,"Queens"
"1513","Census Tract 1463",34,"Queens"
"1514","Census Tract 1467",58,"Queens"
"1515","Census Tract 147",31,"Queens"
"1516","Census Tract 1471",41,"Queens"
"1517","Census Tract 1479",41,"Queens"
"1518","Census Tract 148",54,"Queens"
"1519","Census Tract 1483",19,"Queens"
"1520","Census Tract 149",37,"Queens"
"1521","Census Tract 150",31,"Queens"
"1522","Census Tract 1507.01",24,"Queens"
"1523","Census Tract 1507.02",30,"Queens"
"1524","Census Tract 151",47,"Queens"
"1525","Census Tract 152",63,"Queens"
"1526","Census Tract 1529.01",54,"Queens"
"1527","Census Tract 1529.02",40,"Queens"
"1528","Census Tract 153",63,"Queens"
"1529","Census Tract 154",61,"Queens"
"1530","Census Tract 155",112,"Queens"
"1531","Census Tract 1551.01",1,"Queens"
"1532","Census Tract 1551.02",81,"Queens"
"1533","Census Tract 156",62,"Queens"
"1534","Census Tract 1567",22,"Queens"
"1535","Census Tract 157",60,"Queens"
"1536","Census Tract 1571.01",60,"Queens"
"1537","Census Tract 1571.02",22,"Queens"
"1538","Census Tract 1579.01",29,"Queens"
"1539","Census Tract 1579.02",27,"Queens"
"1540","Census Tract 1579.03",14,"Queens"
"1541","Census Tract 158.01",92,"Queens"
"1542","Census Tract 158.02",130,"Queens"
"1543","Census Tract 159",59,"Queens"
"1544","Census Tract 16",44,"Queens"
"1545","Census Tract 161",44,"Queens"
"1546","Census Tract 1617",41,"Queens"
"1547","Census Tract 1621",33,"Queens"
"1548","Census Tract 163",101,"Queens"
"1549","Census Tract 164",62,"Queens"
"1550","Census Tract 166",75,"Queens"
"1551","Census Tract 168",48,"Queens"
"1552","Census Tract 169",59,"Queens"
"1553","Census Tract 170",42,"Queens"
"1554","Census Tract 171",55,"Queens"
"1555","Census Tract 172",30,"Queens"
"1556","Census Tract 174",27,"Queens"
"1557","Census Tract 176",32,"Queens"
"1558","Census Tract 178",37,"Queens"
"1559","Census Tract 179",94,"Queens"
"1560","Census Tract 18",46,"Queens"
"1561","Census Tract 180",45,"Queens"
"1562","Census Tract 181.01",76,"Queens"
"1563","Census Tract 181.02",32,"Queens"
"1564","Census Tract 182",56,"Queens"
"1565","Census Tract 183",74,"Queens"
"1566","Census Tract 184.01",71,"Queens"
"1567","Census Tract 184.02",78,"Queens"
"1568","Census Tract 185.01",37,"Queens"
"1569","Census Tract 185.02",45,"Queens"
"1570","Census Tract 186",34,"Queens"
"1571","Census Tract 187",23,"Queens"
"1572","Census Tract 188",18,"Queens"
"1573","Census Tract 189",31,"Queens"
"1574","Census Tract 19",171,"Queens"
"1575","Census Tract 190",50,"Queens"
"1576","Census Tract 192",46,"Queens"
"1577","Census Tract 194",58,"Queens"
"1578","Census Tract 196",55,"Queens"
"1579","Census Tract 198",65,"Queens"
"1580","Census Tract 199",73,"Queens"
"1581","Census Tract 2",51,"Queens"
"1582","Census Tract 20",25,"Queens"
"1583","Census Tract 202",19,"Queens"
"1584","Census Tract 204",80,"Queens"
"1585","Census Tract 205",31,"Queens"
"1586","Census Tract 206",51,"Queens"
"1587","Census Tract 208",118,"Queens"
"1588","Census Tract 212",110,"Queens"
"1589","Census Tract 214",130,"Queens"
"1590","Census Tract 216",64,"Queens"
"1591","Census Tract 219",50,"Queens"
"1592","Census Tract 22",62,"Queens"
"1593","Census Tract 220.01",58,"Queens"
"1594","Census Tract 220.02",44,"Queens"
"1595","Census Tract 229",13,"Queens"
"1596","Census Tract 230",26,"Queens"
"1597","Census Tract 232",79,"Queens"
"1598","Census Tract 235",72,"Queens"
"1599","Census Tract 236",61,"Queens"
"1600","Census Tract 238",73,"Queens"
"1601","Census Tract 24",29,"Queens"
"1602","Census Tract 240",115,"Queens"
"1603","Census Tract 243",73,"Queens"
"1604","Census Tract 245",22,"Queens"
"1605","Census Tract 246",28,"Queens"
"1606","Census Tract 247",13,"Queens"
"1607","Census Tract 249",50,"Queens"
"1608","Census Tract 25",114,"Queens"
"1609","Census Tract 251",45,"Queens"
"1610","Census Tract 253.01",70,"Queens"
"1611","Census Tract 253.02",47,"Queens"
"1612","Census Tract 254",315,"Queens"
"1613","Census Tract 255",37,"Queens"
"1614","Census Tract 257",55,"Queens"
"1615","Census Tract 258",109,"Queens"
"1616","Census Tract 259",79,"Queens"
"1617","Census Tract 26",58,"Queens"
"1618","Census Tract 260",93,"Queens"
"1619","Census Tract 261",83,"Queens"
"1620","Census Tract 262",50,"Queens"
"1621","Census Tract 263",99,"Queens"
"1622","Census Tract 264",70,"Queens"
"1623","Census Tract 265",95,"Queens"
"1624","Census Tract 266",35,"Queens"
"1625","Census Tract 267",136,"Queens"
"1626","Census Tract 269.01",70,"Queens"
"1627","Census Tract 269.02",41,"Queens"
"1628","Census Tract 270",82,"Queens"
"1629","Census Tract 271",89,"Queens"
"1630","Census Tract 272",72,"Queens"
"1631","Census Tract 273",151,"Queens"
"1632","Census Tract 274",46,"Queens"
"1633","Census Tract 275",135,"Queens"
"1634","Census Tract 276",32,"Queens"
"1635","Census Tract 277",123,"Queens"
"1636","Census Tract 278",74,"Queens"
"1637","Census Tract 279",66,"Queens"
"1638","Census Tract 28",43,"Queens"
"1639","Census Tract 280",30,"Queens"
"1640","Census Tract 281",74,"Queens"
"1641","Census Tract 282",53,"Queens"
"1642","Census Tract 283",157,"Queens"
"1643","Census Tract 284",111,"Queens"
"1644","Census Tract 285",73,"Queens"
"1645","Census Tract 287",76,"Queens"
"1646","Census Tract 288",177,"Queens"
"1647","Census Tract 289",68,"Queens"
"1648","Census Tract 291",91,"Queens"
"1649","Census Tract 293",32,"Queens"
"1650","Census Tract 294",177,"Queens"
"1651","Census Tract 295",52,"Queens"
"1652","Census Tract 297",97,"Queens"
"1653","Census Tract 299",7,"Queens"
"1654","Census Tract 30",11,"Queens"
"1655","Census Tract 306",97,"Queens"
"1656","Census Tract 309.02",98,"Queens"
"1657","Census Tract 309.03",83,"Queens"
"1658","Census Tract 309.04",55,"Queens"
"1659","Census Tract 31",46,"Queens"
"1660","Census Tract 317",72,"Queens"
"1661","Census Tract 32",40,"Queens"
"1662","Census Tract 320",137,"Queens"
"1663","Census Tract 327",63,"Queens"
"1664","Census Tract 328",37,"Queens"
"1665","Census Tract 329",53,"Queens"
"1666","Census Tract 33",117,"Queens"
"1667","Census Tract 330",171,"Queens"
"1668","Census Tract 331",10,"Queens"
"1669","Census Tract 334.01",67,"Queens"
"1670","Census Tract 334.02",190,"Queens"
"1671","Census Tract 337",60,"Queens"
"1672","Census Tract 339",59,"Queens"
"1673","Census Tract 34",57,"Queens"
"1674","Census Tract 347",162,"Queens"
"1675","Census Tract 351",63,"Queens"
"1676","Census Tract 352",90,"Queens"
"1677","Census Tract 353",49,"Queens"
"1678","Census Tract 357",84,"Queens"
"1679","Census Tract 358",101,"Queens"
"1680","Census Tract 36",44,"Queens"
"1681","Census Tract 361",59,"Queens"
"1682","Census Tract 363",58,"Queens"
"1683","Census Tract 365",95,"Queens"
"1684","Census Tract 366",90,"Queens"
"1685","Census Tract 367",47,"Queens"
"1686","Census Tract 368",42,"Queens"
"1687","Census Tract 37",88,"Queens"
"1688","Census Tract 371",24,"Queens"
"1689","Census Tract 373",65,"Queens"
"1690","Census Tract 375",149,"Queens"
"1691","Census Tract 376",90,"Queens"
"1692","Census Tract 377",51,"Queens"
"1693","Census Tract 379",138,"Queens"
"1694","Census Tract 38",32,"Queens"
"1695","Census Tract 381",108,"Queens"
"1696","Census Tract 383.01",37,"Queens"
"1697","Census Tract 383.02",114,"Queens"
"1698","Census Tract 384",49,"Queens"
"1699","Census Tract 39",30,"Queens"
"1700","Census Tract 394",36,"Queens"
"1701","Census Tract 398",60,"Queens"
"1702","Census Tract 399",100,"Queens"
"1703","Census Tract 4",47,"Queens"
"1704","Census Tract 40.01",26,"Queens"
"1705","Census Tract 40.02",79,"Queens"
"1706","Census Tract 400",15,"Queens"
"1707","Census Tract 401",154,"Queens"
"1708","Census Tract 402",31,"Queens"
"1709","Census Tract 403",137,"Queens"
"1710","Census Tract 404",69,"Queens"
"1711","Census Tract 405",119,"Queens"
"1712","Census Tract 407",140,"Queens"
"1713","Census Tract 409",104,"Queens"
"1714","Census Tract 411",61,"Queens"
"1715","Census Tract 413",58,"Queens"
"1716","Census Tract 414",85,"Queens"
"1717","Census Tract 415",55,"Queens"
"1718","Census Tract 42",61,"Queens"
"1719","Census Tract 424",41,"Queens"
"1720","Census Tract 426",35,"Queens"
"1721","Census Tract 427",46,"Queens"
"1722","Census Tract 43",67,"Queens"
"1723","Census Tract 432",33,"Queens"
"1724","Census Tract 434",33,"Queens"
"1725","Census Tract 437.01",23,"Queens"
"1726","Census Tract 437.02",56,"Queens"
"1727","Census Tract 439",77,"Queens"
"1728","Census Tract 44.01",49,"Queens"
"1729","Census Tract 440",101,"Queens"
"1730","Census Tract 443.01",63,"Queens"
"1731","Census Tract 443.02",128,"Queens"
"1732","Census Tract 444",141,"Queens"
"1733","Census Tract 446.01",283,"Queens"
"1734","Census Tract 446.02",123,"Queens"
"1735","Census Tract 448",61,"Queens"
"1736","Census Tract 45",40,"Queens"
"1737","Census Tract 450",18,"Queens"
"1738","Census Tract 452",53,"Queens"
"1739","Census Tract 454",91,"Queens"
"1740","Census Tract 455",12,"Queens"
"1741","Census Tract 456",26,"Queens"
"1742","Census Tract 457",30,"Queens"
"1743","Census Tract 458",47,"Queens"
"1744","Census Tract 459",21,"Queens"
"1745","Census Tract 460",165,"Queens"
"1746","Census Tract 461",41,"Queens"
"1747","Census Tract 462",155,"Queens"
"1748","Census Tract 463",61,"Queens"
"1749","Census Tract 464",22,"Queens"
"1750","Census Tract 465",53,"Queens"
"1751","Census Tract 466",68,"Queens"
"1752","Census Tract 467",60,"Queens"
"1753","Census Tract 468",66,"Queens"
"1754","Census Tract 469",64,"Queens"
"1755","Census Tract 47",67,"Queens"
"1756","Census Tract 470",64,"Queens"
"1757","Census Tract 471",40,"Queens"
"1758","Census Tract 472",62,"Queens"
"1759","Census Tract 473",80,"Queens"
"1760","Census Tract 475",199,"Queens"
"1761","Census Tract 476",22,"Queens"
"1762","Census Tract 478",55,"Queens"
"1763","Census Tract 479",61,"Queens"
"1764","Census Tract 480",41,"Queens"
"1765","Census Tract 481",25,"Queens"
"1766","Census Tract 482",41,"Queens"
"1767","Census Tract 483",57,"Queens"
"1768","Census Tract 484",66,"Queens"
"1769","Census Tract 485",78,"Queens"
"1770","Census Tract 489",37,"Queens"
"1771","Census Tract 492",98,"Queens"
"1772","Census Tract 493.01",9,"Queens"
"1773","Census Tract 493.02",35,"Queens"
"1774","Census Tract 495",22,"Queens"
"1775","Census Tract 496",41,"Queens"
"1776","Census Tract 497",27,"Queens"
"1777","Census Tract 499",37,"Queens"
"1778","Census Tract 50",7,"Queens"
"1779","Census Tract 500",83,"Queens"
"1780","Census Tract 502.01",23,"Queens"
"1781","Census Tract 502.02",16,"Queens"
"1782","Census Tract 504",30,"Queens"
"1783","Census Tract 505",19,"Queens"
"1784","Census Tract 506",22,"Queens"
"1785","Census Tract 507",29,"Queens"
"1786","Census Tract 508",48,"Queens"
"1787","Census Tract 51",28,"Queens"
"1788","Census Tract 510",67,"Queens"
"1789","Census Tract 511",24,"Queens"
"1790","Census Tract 512",68,"Queens"
"1791","Census Tract 513",30,"Queens"
"1792","Census Tract 515",26,"Queens"
"1793","Census Tract 516",31,"Queens"
"1794","Census Tract 517",36,"Queens"
"1795","Census Tract 518",32,"Queens"
"1796","Census Tract 52",44,"Queens"
"1797","Census Tract 520",33,"Queens"
"1798","Census Tract 521",39,"Queens"
"1799","Census Tract 522",32,"Queens"
"1800","Census Tract 524",43,"Queens"
"1801","Census Tract 525",26,"Queens"
"1802","Census Tract 526",37,"Queens"
"1803","Census Tract 528",32,"Queens"
"1804","Census Tract 53",77,"Queens"
"1805","Census Tract 530",56,"Queens"
"1806","Census Tract 531",59,"Queens"
"1807","Census Tract 532",37,"Queens"
"1808","Census Tract 534.01",54,"Queens"
"1809","Census Tract 535",51,"Queens"
"1810","Census Tract 536.01",28,"Queens"
"1811","Census Tract 538",47,"Queens"
"1812","Census Tract 539",101,"Queens"
"1813","Census Tract 54",124,"Queens"
"1814","Census Tract 540",80,"Queens"
"1815","Census Tract 542",85,"Queens"
"1816","Census Tract 545",60,"Queens"
"1817","Census Tract 547",88,"Queens"
"1818","Census Tract 548",14,"Queens"
"1819","Census Tract 549",149,"Queens"
"1820","Census Tract 55",41,"Queens"
"1821","Census Tract 551",119,"Queens"
"1822","Census Tract 552",77,"Queens"
"1823","Census Tract 553",58,"Queens"
"1824","Census Tract 554",11,"Queens"
"1825","Census Tract 555",78,"Queens"
"1826","Census Tract 556",27,"Queens"
"1827","Census Tract 557",82,"Queens"
"1828","Census Tract 558",13,"Queens"
"1829","Census Tract 559",23,"Queens"
"1830","Census Tract 560",15,"Queens"
"1831","Census Tract 561",6,"Queens"
"1832","Census Tract 562",3,"Queens"
"1833","Census Tract 564",21,"Queens"
"1834","Census Tract 565",13,"Queens"
"1835","Census Tract 566",22,"Queens"
"1836","Census Tract 567",51,"Queens"
"1837","Census Tract 568",108,"Queens"
"1838","Census Tract 57",102,"Queens"
"1839","Census Tract 577",31,"Queens"
"1840","Census Tract 579",27,"Queens"
"1841","Census Tract 58",93,"Queens"
"1842","Census Tract 580",49,"Queens"
"1843","Census Tract 581",40,"Queens"
"1844","Census Tract 582",71,"Queens"
"1845","Census Tract 583",55,"Queens"
"1846","Census Tract 585",48,"Queens"
"1847","Census Tract 587",44,"Queens"
"1848","Census Tract 589",89,"Queens"
"1849","Census Tract 59",31,"Queens"
"1850","Census Tract 590",19,"Queens"
"1851","Census Tract 591",88,"Queens"
"1852","Census Tract 592",11,"Queens"
"1853","Census Tract 593",55,"Queens"
"1854","Census Tract 594",26,"Queens"
"1855","Census Tract 595",93,"Queens"
"1856","Census Tract 596",32,"Queens"
"1857","Census Tract 598",23,"Queens"
"1858","Census Tract 599",15,"Queens"
"1859","Census Tract 6",61,"Queens"
"1860","Census Tract 600",19,"Queens"
"1861","Census Tract 601",31,"Queens"
"1862","Census Tract 603",30,"Queens"
"1863","Census Tract 606",14,"Queens"
"1864","Census Tract 607.01",20,"Queens"
"1865","Census Tract 608",11,"Queens"
"1866","Census Tract 61",71,"Queens"
"1867","Census Tract 610",26,"Queens"
"1868","Census Tract 612",16,"Queens"
"1869","Census Tract 613.01",87,"Queens"
"1870","Census Tract 614",14,"Queens"
"1871","Census Tract 616.01",24,"Queens"
"1872","Census Tract 616.02",25,"Queens"
"1873","Census Tract 618",25,"Queens"
"1874","Census Tract 619",24,"Queens"
"1875","Census Tract 62.01",43,"Queens"
"1876","Census Tract 62.02",70,"Queens"
"1877","Census Tract 620",14,"Queens"
"1878","Census Tract 621",24,"Queens"
"1879","Census Tract 622",24,"Queens"
"1880","Census Tract 623",14,"Queens"
"1881","Census Tract 625",52,"Queens"
"1882","Census Tract 626",53,"Queens"
"1883","Census Tract 627",31,"Queens"
"1884","Census Tract 629",24,"Queens"
"1885","Census Tract 63",70,"Queens"
"1886","Census Tract 630",26,"Queens"
"1887","Census Tract 632",48,"Queens"
"1888","Census Tract 633.01",15,"Queens"
"1889","Census Tract 633.02",14,"Queens"
"1890","Census Tract 635",33,"Queens"
"1891","Census Tract 637",39,"Queens"
"1892","Census Tract 638",50,"Queens"
"1893","Census Tract 639",41,"Queens"
"1894","Census Tract 641.01",23,"Queens"
"1895","Census Tract 641.02",35,"Queens"
"1896","Census Tract 645",13,"Queens"
"1897","Census Tract 646",38,"Queens"
"1898","Census Tract 65.01",40,"Queens"
"1899","Census Tract 65.02",69,"Queens"
"1900","Census Tract 650",39,"Queens"
"1901","Census Tract 654",84,"Queens"
"1902","Census Tract 655.01",24,"Queens"
"1903","Census Tract 656",69,"Queens"
"1904","Census Tract 657.02",13,"Queens"
"1905","Census Tract 657.03",31,"Queens"
"1906","Census Tract 659",11,"Queens"
"1907","Census Tract 660",49,"Queens"
"1908","Census Tract 661",9,"Queens"
"1909","Census Tract 663",21,"Queens"
"1910","Census Tract 664",117,"Queens"
"1911","Census Tract 665.01",13,"Queens"
"1912","Census Tract 667.01",29,"Queens"
"1913","Census Tract 669",12,"Queens"
"1914","Census Tract 671",22,"Queens"
"1915","Census Tract 677",17,"Queens"
"1916","Census Tract 679",35,"Queens"
"1917","Census Tract 680",96,"Queens"
"1918","Census Tract 682",12,"Queens"
"1919","Census Tract 683",100,"Queens"
"1920","Census Tract 687",52,"Queens"
"1921","Census Tract 69",50,"Queens"
"1922","Census Tract 690",48,"Queens"
"1923","Census Tract 693",35,"Queens"
"1924","Census Tract 694",44,"Queens"
"1925","Census Tract 695",32,"Queens"
"1926","Census Tract 697.01",23,"Queens"
"1927","Census Tract 697.02",19,"Queens"
"1928","Census Tract 7",92,"Queens"
"1929","Census Tract 703",18,"Queens"
"1930","Census Tract 707",9,"Queens"
"1931","Census Tract 709",10,"Queens"
"1932","Census Tract 71",78,"Queens"
"1933","Census Tract 711",66,"Queens"
"1934","Census Tract 713.03",50,"Queens"
"1935","Census Tract 713.04",49,"Queens"
"1936","Census Tract 713.05",13,"Queens"
"1937","Census Tract 713.06",51,"Queens"
"1938","Census Tract 716",61,"Queens"
"1939","Census Tract 717.01",70,"Queens"
"1940","Census Tract 717.02",38,"Queens"
"1941","Census Tract 719",37,"Queens"
"1942","Census Tract 721",42,"Queens"
"1943","Census Tract 723",15,"Queens"
"1944","Census Tract 729",20,"Queens"
"1945","Census Tract 73",42,"Queens"
"1946","Census Tract 731",17,"Queens"
"1947","Census Tract 737",44,"Queens"
"1948","Census Tract 739",56,"Queens"
"1949","Census Tract 741",39,"Queens"
"1950","Census Tract 743",29,"Queens"
"1951","Census Tract 745",39,"Queens"
"1952","Census Tract 747",18,"Queens"
"1953","Census Tract 749",11,"Queens"
"1954","Census Tract 75",48,"Queens"
"1955","Census Tract 757.01",29,"Queens"
"1956","Census Tract 757.02",27,"Queens"
"1957","Census Tract 769.01",27,"Queens"
"1958","Census Tract 769.02",37,"Queens"
"1959","Census Tract 77",63,"Queens"
"1960","Census Tract 773",30,"Queens"
"1961","Census Tract 775",42,"Queens"
"1962","Census Tract 779.02",52,"Queens"
"1963","Census Tract 779.03",13,"Queens"
"1964","Census Tract 779.04",49,"Queens"
"1965","Census Tract 779.05",21,"Queens"
"1966","Census Tract 779.06",52,"Queens"
"1967","Census Tract 779.07",21,"Queens"
"1968","Census Tract 779.08",35,"Queens"
"1969","Census Tract 788",41,"Queens"
"1970","Census Tract 79",54,"Queens"
"1971","Census Tract 790",49,"Queens"
"1972","Census Tract 792",44,"Queens"
"1973","Census Tract 797.01",34,"Queens"
"1974","Census Tract 797.02",26,"Queens"
"1975","Census Tract 799",50,"Queens"
"1976","Census Tract 8",57,"Queens"
"1977","Census Tract 803.01",55,"Queens"
"1978","Census Tract 803.02",30,"Queens"
"1979","Census Tract 809",92,"Queens"
"1980","Census Tract 81",35,"Queens"
"1981","Census Tract 814",62,"Queens"
"1982","Census Tract 818",57,"Queens"
"1983","Census Tract 83",54,"Queens"
"1984","Census Tract 837",64,"Queens"
"1985","Census Tract 838",63,"Queens"
"1986","Census Tract 840",93,"Queens"
"1987","Census Tract 845",46,"Queens"
"1988","Census Tract 846.01",41,"Queens"
"1989","Census Tract 846.02",23,"Queens"
"1990","Census Tract 849",97,"Queens"
"1991","Census Tract 85",72,"Queens"
"1992","Census Tract 853",138,"Queens"
"1993","Census Tract 855",41,"Queens"
"1994","Census Tract 857",44,"Queens"
"1995","Census Tract 859",53,"Queens"
"1996","Census Tract 86",40,"Queens"
"1997","Census Tract 861",33,"Queens"
"1998","Census Tract 863",42,"Queens"
"1999","Census Tract 864",36,"Queens"
"2000","Census Tract 865",62,"Queens"
"2001","Census Tract 869",139,"Queens"
"2002","Census Tract 87",141,"Queens"
"2003","Census Tract 871",253,"Queens"
"2004","Census Tract 88",49,"Queens"
"2005","Census Tract 884",69,"Queens"
"2006","Census Tract 889.01",113,"Queens"
"2007","Census Tract 892",87,"Queens"
"2008","Census Tract 907",51,"Queens"
"2009","Census Tract 91",21,"Queens"
"2010","Census Tract 916.01",14,"Queens"
"2011","Census Tract 919",49,"Queens"
"2012","Census Tract 922",9,"Queens"
"2013","Census Tract 925",58,"Queens"
"2014","Census Tract 928",13,"Queens"
"2015","Census Tract 929",68,"Queens"
"2016","Census Tract 934.01",25,"Queens"
"2017","Census Tract 934.02",45,"Queens"
"2018","Census Tract 938",101,"Queens"
"2019","Census Tract 939",41,"Queens"
"2020","Census Tract 94",61,"Queens"
"2021","Census Tract 942.01",76,"Queens"
"2022","Census Tract 942.02",149,"Queens"
"2023","Census Tract 942.03",54,"Queens"
"2024","Census Tract 945",87,"Queens"
"2025","Census Tract 947",30,"Queens"
"2026","Census Tract 95",24,"Queens"
"2027","Census Tract 954",111,"Queens"
"2028","Census Tract 96",49,"Queens"
"2029","Census Tract 964",148,"Queens"
"2030","Census Tract 97",29,"Queens"
"2031","Census Tract 972.02",38,"Queens"
"2032","Census Tract 972.03",154,"Queens"
"2033","Census Tract 972.04",42,"Queens"
"2034","Census Tract 973",19,"Queens"
"2035","Census Tract 98",54,"Queens"
"2036","Census Tract 981",23,"Queens"
"2037","Census Tract 987",16,"Queens"
"2038","Census Tract 99",14,"Queens"
"2039","Census Tract 991",25,"Queens"
"2040","Census Tract 992",86,"Queens"
"2041","Census Tract 997.01",20,"Queens"
"2042","Census Tract 997.03",23,"Queens"
"2043","Census Tract 997.04",31,"Queens"
"2044","Census Tract 997.05",6,"Queens"
"2045","Census Tract 998.01",103,"Queens"
"2046","Census Tract 998.02",67,"Queens"
"2047","Census Tract 999",2,"Queens"
"2048",NA,112,"Queens"
"2049","Census Tract 105",130,"StatenIsland"
"2050","Census Tract 11",108,"StatenIsland"
"2051","Census Tract 112.01",24,"StatenIsland"
"2052","Census Tract 112.02",79,"StatenIsland"
"2053","Census Tract 114.01",36,"StatenIsland"
"2054","Census Tract 114.02",27,"StatenIsland"
"2055","Census Tract 121",19,"StatenIsland"
"2056","Census Tract 122",29,"StatenIsland"
"2057","Census Tract 125",60,"StatenIsland"
"2058","Census Tract 128.04",61,"StatenIsland"
"2059","Census Tract 128.05",18,"StatenIsland"
"2060","Census Tract 128.06",43,"StatenIsland"
"2061","Census Tract 132.01",12,"StatenIsland"
"2062","Census Tract 132.03",31,"StatenIsland"
"2063","Census Tract 132.04",42,"StatenIsland"
"2064","Census Tract 133.01",52,"StatenIsland"
"2065","Census Tract 133.02",163,"StatenIsland"
"2066","Census Tract 134",32,"StatenIsland"
"2067","Census Tract 138",34,"StatenIsland"
"2068","Census Tract 141",25,"StatenIsland"
"2069","Census Tract 146.04",60,"StatenIsland"
"2070","Census Tract 146.05",29,"StatenIsland"
"2071","Census Tract 146.06",47,"StatenIsland"
"2072","Census Tract 146.07",27,"StatenIsland"
"2073","Census Tract 146.08",17,"StatenIsland"
"2074","Census Tract 147",27,"StatenIsland"
"2075","Census Tract 151",33,"StatenIsland"
"2076","Census Tract 154",1,"StatenIsland"
"2077","Census Tract 156.01",45,"StatenIsland"
"2078","Census Tract 156.02",13,"StatenIsland"
"2079","Census Tract 156.03",31,"StatenIsland"
"2080","Census Tract 169.01",23,"StatenIsland"
"2081","Census Tract 17",18,"StatenIsland"
"2082","Census Tract 170.05",31,"StatenIsland"
"2083","Census Tract 170.07",30,"StatenIsland"
"2084","Census Tract 170.08",23,"StatenIsland"
"2085","Census Tract 170.09",21,"StatenIsland"
"2086","Census Tract 170.10",41,"StatenIsland"
"2087","Census Tract 170.11",19,"StatenIsland"
"2088","Census Tract 170.12",33,"StatenIsland"
"2089","Census Tract 173",29,"StatenIsland"
"2090","Census Tract 176",25,"StatenIsland"
"2091","Census Tract 177",45,"StatenIsland"
"2092","Census Tract 18",2,"StatenIsland"
"2093","Census Tract 181",54,"StatenIsland"
"2094","Census Tract 187.01",15,"StatenIsland"
"2095","Census Tract 187.02",63,"StatenIsland"
"2096","Census Tract 189.01",28,"StatenIsland"
"2097","Census Tract 189.02",39,"StatenIsland"
"2098","Census Tract 197",11,"StatenIsland"
"2099","Census Tract 198",74,"StatenIsland"
"2100","Census Tract 20.01",10,"StatenIsland"
"2101","Census Tract 20.02",40,"StatenIsland"
"2102","Census Tract 201",52,"StatenIsland"
"2103","Census Tract 207",194,"StatenIsland"
"2104","Census Tract 208.01",76,"StatenIsland"
"2105","Census Tract 208.03",26,"StatenIsland"
"2106","Census Tract 208.04",23,"StatenIsland"
"2107","Census Tract 21",208,"StatenIsland"
"2108","Census Tract 213",149,"StatenIsland"
"2109","Census Tract 223",48,"StatenIsland"
"2110","Census Tract 226",89,"StatenIsland"
"2111","Census Tract 228",29,"StatenIsland"
"2112","Census Tract 231",59,"StatenIsland"
"2113","Census Tract 239",70,"StatenIsland"
"2114","Census Tract 244.01",23,"StatenIsland"
"2115","Census Tract 244.02",26,"StatenIsland"
"2116","Census Tract 247",58,"StatenIsland"
"2117","Census Tract 248",63,"StatenIsland"
"2118","Census Tract 251",39,"StatenIsland"
"2119","Census Tract 27",85,"StatenIsland"
"2120","Census Tract 273.01",20,"StatenIsland"
"2121","Census Tract 273.02",11,"StatenIsland"
"2122","Census Tract 277.02",113,"StatenIsland"
"2123","Census Tract 277.04",15,"StatenIsland"
"2124","Census Tract 277.05",28,"StatenIsland"
"2125","Census Tract 277.06",38,"StatenIsland"
"2126","Census Tract 279",31,"StatenIsland"
"2127","Census Tract 29",230,"StatenIsland"
"2128","Census Tract 291.02",73,"StatenIsland"
"2129","Census Tract 291.03",43,"StatenIsland"
"2130","Census Tract 291.04",56,"StatenIsland"
"2131","Census Tract 3",122,"StatenIsland"
"2132","Census Tract 303.01",49,"StatenIsland"
"2133","Census Tract 303.02",61,"StatenIsland"
"2134","Census Tract 319.01",64,"StatenIsland"
"2135","Census Tract 319.02",53,"StatenIsland"
"2136","Census Tract 323",85,"StatenIsland"
"2137","Census Tract 33",43,"StatenIsland"
"2138","Census Tract 36",27,"StatenIsland"
"2139","Census Tract 39",10,"StatenIsland"
"2140","Census Tract 40",202,"StatenIsland"
"2141","Census Tract 47",36,"StatenIsland"
"2142","Census Tract 50",35,"StatenIsland"
"2143","Census Tract 59",38,"StatenIsland"
"2144","Census Tract 6",55,"StatenIsland"
"2145","Census Tract 64",76,"StatenIsland"
"2146","Census Tract 67",49,"StatenIsland"
"2147","Census Tract 7",157,"StatenIsland"
"2148","Census Tract 70",82,"StatenIsland"
"2149","Census Tract 74",46,"StatenIsland"
"2150","Census Tract 75",47,"StatenIsland"
"2151","Census Tract 77",69,"StatenIsland"
"2152","Census Tract 8",57,"StatenIsland"
"2153","Census Tract 81",83,"StatenIsland"
"2154","Census Tract 9",46,"StatenIsland"
"2155","Census Tract 96.01",39,"StatenIsland"
"2156","Census Tract 96.02",29,"StatenIsland"
"2157","Census Tract 97",50,"StatenIsland"
